Date,DHHS
07-01-97,3.82
08-01-97,3.8
09-01-97,3.61
10-01-97,3.92
13-01-97,4
14-01-97,4.01
15-01-97,4.34
16-01-97,4.71
17-01-97,3.91
20-01-97,3.26
21-01-97,2.99
22-01-97,3.05
23-01-97,2.96
24-01-97,2.62
27-01-97,2.98
28-01-97,3.05
29-01-97,2.91
30-01-97,2.86
31-01-97,2.77
03-02-97,2.49
04-02-97,2.59
05-02-97,2.65
06-02-97,2.51
07-02-97,2.39
10-02-97,2.42
11-02-97,2.34
12-02-97,2.42
13-02-97,2.22
14-02-97,2.12
18-02-97,1.84
19-02-97,1.95
20-02-97,1.92
21-02-97,1.92
24-02-97,1.92
25-02-97,1.77
26-02-97,1.81
27-02-97,1.8
28-02-97,1.78
03-03-97,1.8
04-03-97,1.87
05-03-97,1.92
06-03-97,1.82
07-03-97,1.89
10-03-97,1.95
11-03-97,1.92
12-03-97,1.96
13-03-97,1.98
14-03-97,1.97
17-03-97,2.01
18-03-97,1.91
19-03-97,1.88
20-03-97,1.88
21-03-97,1.87
24-03-97,1.8
25-03-97,1.85
26-03-97,1.85
27-03-97,1.84
31-03-97,1.84
01-04-97,1.95
02-04-97,1.85
03-04-97,1.87
04-04-97,1.91
07-04-97,1.99
08-04-97,2.01
09-04-97,1.96
10-04-97,1.97
11-04-97,1.98
14-04-97,2
15-04-97,2
16-04-97,2.02
17-04-97,2.08
18-04-97,2.1
21-04-97,2.09
22-04-97,2.1
23-04-97,2.22
24-04-97,2.11
25-04-97,2.16
28-04-97,2.1
29-04-97,2.09
30-04-97,2.16
01-05-97,2.19
02-05-97,2.21
05-05-97,2.23
06-05-97,2.25
07-05-97,2.34
08-05-97,2.33
09-05-97,2.3
12-05-97,2.27
13-05-97,2.18
14-05-97,2.22
15-05-97,2.25
16-05-97,2.19
19-05-97,2.25
20-05-97,2.22
21-05-97,2.21
22-05-97,2.22
23-05-97,2.2
27-05-97,2.29
28-05-97,2.34
29-05-97,2.29
30-05-97,2.23
02-06-97,2.2
03-06-97,2.11
04-06-97,2.19
05-06-97,2.18
06-06-97,2.19
09-06-97,2.19
10-06-97,2.16
11-06-97,2.16
12-06-97,2.14
13-06-97,2.15
16-06-97,2.2
17-06-97,2.2
18-06-97,2.22
19-06-97,2.23
20-06-97,2.25
23-06-97,2.29
24-06-97,2.32
25-06-97,2.32
26-06-97,2.23
27-06-97,2.17
30-06-97,2.17
01-07-97,2.16
02-07-97,2.14
03-07-97,2.11
07-07-97,2.13
08-07-97,2.13
09-07-97,2.16
10-07-97,2.15
11-07-97,2.16
14-07-97,2.18
15-07-97,2.21
16-07-97,2.24
17-07-97,2.29
18-07-97,2.26
21-07-97,2.17
22-07-97,2.18
23-07-97,2.2
24-07-97,2.24
25-07-97,2.22
28-07-97,2.19
29-07-97,2.23
30-07-97,2.19
31-07-97,2.23
01-08-97,2.24
04-08-97,2.26
05-08-97,2.33
06-08-97,2.38
07-08-97,2.5
08-08-97,2.38
11-08-97,2.53
12-08-97,2.56
13-08-97,2.45
14-08-97,2.57
15-08-97,2.53
18-08-97,2.56
19-08-97,2.61
20-08-97,2.62
21-08-97,2.45
22-08-97,2.47
25-08-97,2.53
26-08-97,2.58
27-08-97,2.51
28-08-97,2.57
29-08-97,2.69
02-09-97,2.82
03-09-97,2.86
04-09-97,2.73
05-09-97,2.67
08-09-97,2.67
09-09-97,2.74
10-09-97,2.74
11-09-97,2.78
12-09-97,2.86
15-09-97,2.88
16-09-97,2.83
17-09-97,2.75
18-09-97,2.84
19-09-97,2.94
22-09-97,2.98
23-09-97,3.09
24-09-97,3.03
25-09-97,3.05
26-09-97,3.24
29-09-97,3.09
30-09-97,2.96
01-10-97,3.08
02-10-97,2.97
03-10-97,2.91
06-10-97,2.96
07-10-97,2.81
08-10-97,2.8
09-10-97,2.8
10-10-97,2.78
13-10-97,2.87
14-10-97,2.84
15-10-97,2.84
16-10-97,2.94
17-10-97,2.97
20-10-97,3.05
21-10-97,3.13
22-10-97,3.24
23-10-97,3.34
24-10-97,3.29
27-10-97,3.46
28-10-97,3.61
29-10-97,3.45
30-10-97,3.34
31-10-97,3.22
03-11-97,3.23
04-11-97,3.15
05-11-97,3.18
06-11-97,3.2
07-11-97,3.05
10-11-97,3.2
11-11-97,3.26
12-11-97,3.28
13-11-97,3.27
14-11-97,3.25
17-11-97,3.1
18-11-97,3
19-11-97,2.97
20-11-97,2.77
21-11-97,2.59
24-11-97,2.63
25-11-97,2.51
26-11-97,2.5
01-12-97,2.52
02-12-97,2.61
03-12-97,2.53
04-12-97,2.48
05-12-97,2.42
08-12-97,2.3
09-12-97,2.35
10-12-97,2.45
11-12-97,2.3
12-12-97,2.3
15-12-97,2.25
16-12-97,2.29
17-12-97,2.38
18-12-97,2.37
19-12-97,2.39
22-12-97,2.36
23-12-97,2.24
24-12-97,2.06
26-12-97,2.18
29-12-97,2.33
30-12-97,2.27
31-12-97,2.27
02-01-98,2.16
05-01-98,2.05
06-01-98,2.16
07-01-98,2.13
08-01-98,2.11
09-01-98,2.09
12-01-98,2.01
13-01-98,2.03
14-01-98,2.05
15-01-98,2.07
16-01-98,2.11
20-01-98,2.12
21-01-98,2.09
22-01-98,2.1
23-01-98,2.14
26-01-98,2.09
27-01-98,2.06
28-01-98,2.09
29-01-98,2.07
30-01-98,2.09
02-02-98,2.23
03-02-98,2.27
04-02-98,2.23
05-02-98,2.31
06-02-98,2.35
09-02-98,2.25
10-02-98,2.18
11-02-98,2.21
12-02-98,2.2
13-02-98,2.22
17-02-98,2.18
18-02-98,2.19
19-02-98,2.22
20-02-98,2.2
23-02-98,2.2
24-02-98,2.19
25-02-98,2.21
26-02-98,2.28
27-02-98,2.23
02-03-98,2.26
03-03-98,2.24
04-03-98,2.19
05-03-98,2.12
06-03-98,2.1
09-03-98,2.17
10-03-98,2.25
11-03-98,2.25
12-03-98,2.23
13-03-98,2.21
16-03-98,2.2
17-03-98,2.2
18-03-98,2.21
19-03-98,2.25
20-03-98,2.28
23-03-98,2.33
24-03-98,2.29
25-03-98,2.33
26-03-98,2.29
27-03-98,2.26
30-03-98,2.32
31-03-98,2.34
01-04-98,2.45
02-04-98,2.43
03-04-98,2.51
06-04-98,2.51
07-04-98,2.51
08-04-98,2.65
09-04-98,2.61
13-04-98,2.52
14-04-98,2.42
15-04-98,2.48
16-04-98,2.48
17-04-98,2.4
20-04-98,2.4
21-04-98,2.46
22-04-98,2.46
23-04-98,2.35
24-04-98,2.31
27-04-98,2.29
28-04-98,2.27
29-04-98,2.29
30-04-98,2.18
01-05-98,2.11
04-05-98,2.1
05-05-98,2.19
06-05-98,2.12
07-05-98,2.16
08-05-98,2.11
11-05-98,2.19
12-05-98,2.23
13-05-98,2.24
14-05-98,2.18
15-05-98,2.18
18-05-98,2.19
19-05-98,2.17
20-05-98,2.18
21-05-98,2.11
22-05-98,2.02
26-05-98,2.1
27-05-98,2.1
28-05-98,2.04
29-05-98,2.1
01-06-98,2.1
02-06-98,2.2
03-06-98,2.13
04-06-98,2.04
05-06-98,2.01
08-06-98,2
09-06-98,2.01
10-06-98,1.98
11-06-98,1.99
12-06-98,2.01
15-06-98,2.08
16-06-98,2.1
17-06-98,2.05
18-06-98,2.14
19-06-98,2.2
22-06-98,2.35
23-06-98,2.35
24-06-98,2.4
25-06-98,2.39
26-06-98,2.4
29-06-98,2.36
30-06-98,2.39
01-07-98,2.46
02-07-98,2.36
06-07-98,2.38
07-07-98,2.35
08-07-98,2.39
09-07-98,2.38
10-07-98,2.32
13-07-98,2.3
14-07-98,2.23
15-07-98,2.21
16-07-98,2.15
17-07-98,2.15
20-07-98,2.18
21-07-98,2.09
22-07-98,2
23-07-98,2
24-07-98,1.97
27-07-98,2
28-07-98,1.97
29-07-98,1.99
30-07-98,1.95
31-07-98,1.85
03-08-98,1.84
04-08-98,1.9
05-08-98,1.91
06-08-98,1.85
07-08-98,1.82
10-08-98,1.87
11-08-98,1.87
12-08-98,1.85
13-08-98,1.83
14-08-98,1.83
17-08-98,1.93
18-08-98,1.94
19-08-98,1.96
20-08-98,1.9
21-08-98,1.93
24-08-98,1.9
25-08-98,1.89
26-08-98,1.83
27-08-98,1.76
28-08-98,1.66
31-08-98,1.61
01-09-98,1.84
02-09-98,1.72
03-09-98,1.71
04-09-98,1.71
08-09-98,1.81
09-09-98,1.78
10-09-98,1.88
11-09-98,1.86
14-09-98,1.86
15-09-98,1.94
16-09-98,2.15
17-09-98,2.12
18-09-98,2.27
21-09-98,2.18
22-09-98,2.29
23-09-98,2.19
24-09-98,2.17
25-09-98,2.38
28-09-98,2.23
29-09-98,2.06
30-09-98,2.22
01-10-98,2.33
02-10-98,2.14
05-10-98,2.09
06-10-98,2.01
07-10-98,2.05
08-10-98,2.02
09-10-98,1.8
12-10-98,1.75
13-10-98,1.7
14-10-98,1.8
15-10-98,1.75
16-10-98,1.64
19-10-98,1.74
20-10-98,1.95
21-10-98,2.04
22-10-98,1.95
23-10-98,1.84
26-10-98,1.92
27-10-98,1.85
28-10-98,1.7
29-10-98,2
30-10-98,2
02-11-98,1.84
03-11-98,2.1
04-11-98,2.11
05-11-98,2.26
06-11-98,2.25
09-11-98,2.28
10-11-98,2.3
11-11-98,2.33
12-11-98,2.21
13-11-98,2.21
16-11-98,2.19
17-11-98,2.12
18-11-98,2.1
19-11-98,2.1
20-11-98,2.07
23-11-98,2.02
24-11-98,2.08
25-11-98,2.13
30-11-98,1.63
01-12-98,1.41
02-12-98,1.4
03-12-98,1.21
04-12-98,1.05
07-12-98,1.44
08-12-98,1.79
09-12-98,1.64
10-12-98,1.59
11-12-98,1.55
14-12-98,1.8
15-12-98,1.86
16-12-98,1.95
17-12-98,2.02
18-12-98,2.02
21-12-98,2.05
22-12-98,1.96
23-12-98,1.88
24-12-98,1.89
28-12-98,1.79
29-12-98,1.82
30-12-98,1.81
31-12-98,1.95
04-01-99,2.1
05-01-99,2.05
06-01-99,2.04
07-01-99,1.91
08-01-99,1.9
11-01-99,1.83
12-01-99,1.82
13-01-99,1.87
14-01-99,1.77
15-01-99,1.78
19-01-99,1.77
20-01-99,1.81
21-01-99,1.85
22-01-99,1.82
25-01-99,1.76
26-01-99,1.73
27-01-99,1.75
28-01-99,1.75
29-01-99,1.83
01-02-99,1.75
02-02-99,1.78
03-02-99,1.8
04-02-99,1.79
05-02-99,1.81
08-02-99,1.81
09-02-99,1.82
10-02-99,1.8
11-02-99,1.78
12-02-99,1.82
16-02-99,1.79
17-02-99,1.79
18-02-99,1.8
19-02-99,1.79
22-02-99,1.77
23-02-99,1.75
24-02-99,1.73
25-02-99,1.64
26-02-99,1.63
01-03-99,1.65
02-03-99,1.67
03-03-99,1.68
04-03-99,1.72
05-03-99,1.74
08-03-99,1.87
09-03-99,1.86
10-03-99,1.94
11-03-99,1.87
12-03-99,1.81
15-03-99,1.75
16-03-99,1.75
17-03-99,1.75
18-03-99,1.75
19-03-99,1.73
22-03-99,1.74
23-03-99,1.8
24-03-99,1.79
25-03-99,1.8
26-03-99,1.83
29-03-99,1.8
30-03-99,1.89
31-03-99,2.02
01-04-99,1.95
05-04-99,2.03
06-04-99,1.98
07-04-99,2.03
08-04-99,2.07
09-04-99,2.1
12-04-99,2.06
13-04-99,2.14
14-04-99,2.11
15-04-99,2.14
16-04-99,2.14
19-04-99,2.1
20-04-99,2.18
21-04-99,2.17
22-04-99,2.24
23-04-99,2.23
26-04-99,2.23
27-04-99,2.32
28-04-99,2.31
29-04-99,2.37
30-04-99,2.25
03-05-99,2.23
04-05-99,2.32
05-05-99,2.36
06-05-99,2.32
07-05-99,2.25
10-05-99,2.25
11-05-99,2.29
12-05-99,2.19
13-05-99,2.21
14-05-99,2.28
17-05-99,2.31
18-05-99,2.3
19-05-99,2.27
20-05-99,2.26
21-05-99,2.21
24-05-99,2.19
25-05-99,2.18
26-05-99,2.22
27-05-99,2.27
28-05-99,2.29
01-06-99,2.34
02-06-99,2.36
03-06-99,2.35
04-06-99,2.31
07-06-99,2.41
08-06-99,2.38
09-06-99,2.39
10-06-99,2.37
11-06-99,2.3
14-06-99,2.29
15-06-99,2.28
16-06-99,2.28
17-06-99,2.24
18-06-99,2.24
21-06-99,2.22
22-06-99,2.23
23-06-99,2.25
24-06-99,2.26
25-06-99,2.27
28-06-99,2.25
29-06-99,2.33
30-06-99,2.34
01-07-99,2.29
02-07-99,2.26
06-07-99,2.29
07-07-99,2.2
08-07-99,2.19
09-07-99,2.17
12-07-99,2.12
13-07-99,2.14
14-07-99,2.16
15-07-99,2.12
16-07-99,2.18
19-07-99,2.2
20-07-99,2.24
21-07-99,2.25
22-07-99,2.32
23-07-99,2.42
26-07-99,2.55
27-07-99,2.55
28-07-99,2.58
29-07-99,2.67
30-07-99,2.55
02-08-99,2.51
03-08-99,2.61
04-08-99,2.64
05-08-99,2.69
06-08-99,2.69
09-08-99,2.73
10-08-99,2.77
11-08-99,2.79
12-08-99,2.73
13-08-99,2.71
16-08-99,2.73
17-08-99,2.7
18-08-99,2.75
19-08-99,2.87
20-08-99,2.97
23-08-99,2.95
24-08-99,3.01
25-08-99,3.1
26-08-99,2.97
27-08-99,2.87
30-08-99,2.85
31-08-99,2.84
01-09-99,2.71
02-09-99,2.56
03-09-99,2.47
07-09-99,2.56
08-09-99,2.66
09-09-99,2.75
10-09-99,2.84
13-09-99,2.8
14-09-99,2.66
15-09-99,2.52
16-09-99,2.47
17-09-99,2.45
20-09-99,2.49
21-09-99,2.33
22-09-99,2.3
23-09-99,2.45
24-09-99,2.54
27-09-99,2.51
28-09-99,2.52
29-09-99,2.57
30-09-99,2.31
01-10-99,2.39
04-10-99,2.49
05-10-99,2.45
06-10-99,2.48
07-10-99,2.49
08-10-99,2.35
11-10-99,2.53
12-10-99,2.65
13-10-99,2.81
14-10-99,2.7
15-10-99,2.66
18-10-99,2.82
19-10-99,2.89
20-10-99,2.9
21-10-99,2.99
22-10-99,3
25-10-99,2.98
26-10-99,2.96
27-10-99,3.02
28-10-99,2.97
29-10-99,2.76
01-11-99,2.73
02-11-99,2.81
03-11-99,2.82
04-11-99,2.75
05-11-99,2.62
08-11-99,2.59
09-11-99,2.44
10-11-99,2.39
11-11-99,2.38
12-11-99,2.16
15-11-99,2.33
16-11-99,2.23
17-11-99,2.24
18-11-99,2.22
19-11-99,2.16
22-11-99,2.05
23-11-99,1.99
24-11-99,1.96
29-11-99,2.25
30-11-99,2.22
01-12-99,2.17
02-12-99,2.18
03-12-99,2.16
06-12-99,2.19
07-12-99,2.16
08-12-99,2.23
09-12-99,2.2
10-12-99,2.27
13-12-99,2.35
14-12-99,2.49
15-12-99,2.54
16-12-99,2.52
17-12-99,2.55
20-12-99,2.67
21-12-99,2.59
22-12-99,2.45
23-12-99,2.42
27-12-99,2.36
28-12-99,2.32
29-12-99,2.34
30-12-99,2.3
04-01-00,2.16
05-01-00,2.17
06-01-00,2.18
07-01-00,2.19
10-01-00,2.2
11-01-00,2.23
12-01-00,2.25
13-01-00,2.29
14-01-00,2.28
18-01-00,2.35
19-01-00,2.4
20-01-00,2.53
21-01-00,2.55
24-01-00,2.55
25-01-00,2.66
26-01-00,2.73
27-01-00,2.76
28-01-00,2.84
31-01-00,2.69
01-02-00,2.81
02-02-00,2.91
03-02-00,2.85
04-02-00,2.78
07-02-00,2.81
08-02-00,2.6
09-02-00,2.62
10-02-00,2.65
11-02-00,2.65
14-02-00,2.61
15-02-00,2.61
16-02-00,2.65
17-02-00,2.66
18-02-00,2.65
22-02-00,2.55
23-02-00,2.5
24-02-00,2.52
25-02-00,2.51
28-02-00,2.6
29-02-00,2.65
01-03-00,2.71
02-03-00,2.8
03-03-00,2.72
06-03-00,2.76
07-03-00,2.78
08-03-00,2.74
09-03-00,2.69
13-03-00,2.79
14-03-00,2.83
15-03-00,2.76
16-03-00,2.84
17-03-00,2.81
20-03-00,2.73
21-03-00,2.74
22-03-00,2.78
23-03-00,2.76
24-03-00,2.82
27-03-00,2.82
28-03-00,2.94
29-03-00,2.92
30-03-00,2.83
31-03-00,2.88
03-04-00,2.92
04-04-00,2.87
05-04-00,2.86
06-04-00,2.98
07-04-00,2.99
10-04-00,2.97
11-04-00,2.98
12-04-00,3.05
13-04-00,3.05
14-04-00,3.11
17-04-00,3.13
18-04-00,3.12
19-04-00,3.12
20-04-00,3.07
24-04-00,3.12
25-04-00,3.18
26-04-00,3.12
27-04-00,3.06
28-04-00,3.09
01-05-00,3.16
02-05-00,3.2
03-05-00,3.18
04-05-00,3.09
05-05-00,3.11
08-05-00,3.12
09-05-00,3.25
10-05-00,3.2
11-05-00,3.37
12-05-00,3.35
15-05-00,3.37
16-05-00,3.45
17-05-00,3.49
18-05-00,3.73
19-05-00,3.76
22-05-00,3.95
23-05-00,3.85
24-05-00,3.94
25-05-00,4.18
26-05-00,4.29
30-05-00,4.35
31-05-00,4.52
01-06-00,4.39
02-06-00,4.21
05-06-00,4.17
06-06-00,4.48
07-06-00,4.23
08-06-00,3.96
09-06-00,4.14
12-06-00,4.22
13-06-00,4.27
14-06-00,4.16
15-06-00,4.38
16-06-00,4.45
19-06-00,4.38
20-06-00,4.02
21-06-00,4.14
22-06-00,4.44
23-06-00,4.42
26-06-00,4.37
27-06-00,4.55
28-06-00,4.44
29-06-00,4.25
30-06-00,4.36
03-07-00,4.36
05-07-00,4.24
06-07-00,4.02
07-07-00,4
10-07-00,4.19
11-07-00,4.17
12-07-00,4.29
13-07-00,4.08
14-07-00,4.17
17-07-00,4.13
18-07-00,3.99
19-07-00,4.07
20-07-00,3.86
21-07-00,3.88
24-07-00,3.74
25-07-00,3.63
26-07-00,3.59
27-07-00,3.75
28-07-00,3.89
31-07-00,3.75
01-08-00,3.78
02-08-00,4.05
03-08-00,4.23
04-08-00,4.25
07-08-00,4.39
08-08-00,4.46
09-08-00,4.48
10-08-00,4.43
11-08-00,4.44
14-08-00,4.42
15-08-00,4.24
16-08-00,4.24
17-08-00,4.35
18-08-00,4.38
21-08-00,4.6
22-08-00,4.8
23-08-00,4.67
24-08-00,4.53
25-08-00,4.55
28-08-00,4.62
29-08-00,4.6
30-08-00,4.61
31-08-00,4.76
01-09-00,4.7
05-09-00,4.81
06-09-00,4.89
07-09-00,4.85
08-09-00,4.74
11-09-00,4.85
12-09-00,4.96
13-09-00,5.06
14-09-00,5.1
15-09-00,5.28
18-09-00,5.06
19-09-00,5.22
20-09-00,5.24
21-09-00,5.16
22-09-00,5.16
25-09-00,5.12
26-09-00,5.28
27-09-00,5.34
28-09-00,5.2
29-09-00,5.1
02-10-00,5.24
03-10-00,5.29
04-10-00,5.22
05-10-00,5.21
06-10-00,5.04
09-10-00,5.09
10-10-00,5.16
11-10-00,5.1
12-10-00,5.54
13-10-00,5.43
16-10-00,5.34
17-10-00,5.27
18-10-00,5.36
19-10-00,5.04
20-10-00,4.84
23-10-00,4.82
24-10-00,4.84
25-10-00,4.64
26-10-00,4.61
27-10-00,4.48
30-10-00,4.56
31-10-00,4.37
01-11-00,4.4
02-11-00,4.5
03-11-00,4.64
06-11-00,4.6
07-11-00,4.68
08-11-00,4.92
09-11-00,5.34
10-11-00,5.24
13-11-00,5.59
14-11-00,5.81
15-11-00,5.95
16-11-00,5.94
17-11-00,5.62
20-11-00,6.23
21-11-00,6.35
22-11-00,6.3
27-11-00,6.24
28-11-00,5.9
29-11-00,5.93
30-11-00,6.31
01-12-00,6.53
04-12-00,7.41
05-12-00,8.03
06-12-00,8.75
07-12-00,8.48
08-12-00,8.13
11-12-00,9.96
12-12-00,8.58
13-12-00,7.8
14-12-00,7.48
15-12-00,8.03
18-12-00,9.28
19-12-00,9.11
20-12-00,9.95
21-12-00,10.49
22-12-00,10.48
26-12-00,10.23
27-12-00,9.58
28-12-00,9.22
29-12-00,10.48
02-01-01,9.97
03-01-01,9.71
04-01-01,9.45
05-01-01,10.03
08-01-01,10.31
09-01-01,9.95
10-01-01,9.91
11-01-01,8.95
12-01-01,8.75
16-01-01,8.16
17-01-01,7.85
18-01-01,7.09
19-01-01,7.61
22-01-01,7.7
23-01-01,7.02
24-01-01,6.81
25-01-01,6.81
26-01-01,7
29-01-01,6.76
30-01-01,5.96
31-01-01,5.83
01-02-01,5.82
02-02-01,6.76
05-02-01,6.15
06-02-01,5.59
07-02-01,5.67
08-02-01,6.24
09-02-01,6.24
12-02-01,5.74
13-02-01,5.58
14-02-01,5.89
15-02-01,5.35
16-02-01,5.57
20-02-01,5.17
21-02-01,5.2
22-02-01,5.11
23-02-01,5.05
26-02-01,5.07
27-02-01,5.07
28-02-01,5.25
01-03-01,5.25
02-03-01,5.06
05-03-01,5.32
06-03-01,5.27
07-03-01,5.22
08-03-01,5.25
09-03-01,5.13
12-03-01,4.98
13-03-01,5.08
14-03-01,4.99
15-03-01,5.27
16-03-01,5.27
19-03-01,5.27
20-03-01,5.27
21-03-01,5.16
22-03-01,5.16
23-03-01,5.16
26-03-01,5.23
27-03-01,5.47
28-03-01,5.6
29-03-01,5.31
30-03-01,5.35
02-04-01,5.25
03-04-01,5.25
04-04-01,5.24
05-04-01,5.27
06-04-01,5.33
09-04-01,5.45
10-04-01,5.55
11-04-01,5.45
12-04-01,5.32
16-04-01,5.48
17-04-01,5.36
18-04-01,5.15
19-04-01,5.06
20-04-01,5
23-04-01,5.09
24-04-01,5.13
25-04-01,4.98
26-04-01,4.92
27-04-01,4.83
30-04-01,4.73
01-05-01,4.55
02-05-01,4.54
03-05-01,4.46
04-05-01,4.5
07-05-01,4.33
08-05-01,4.22
09-05-01,4.15
10-05-01,4.17
11-05-01,4.25
14-05-01,4.28
15-05-01,4.46
16-05-01,4.46
17-05-01,4.2
18-05-01,4.15
21-05-01,4.14
22-05-01,4.04
23-05-01,4.11
24-05-01,4.12
25-05-01,3.83
29-05-01,3.86
30-05-01,3.66
31-05-01,3.73
01-06-01,3.7
04-06-01,3.98
05-06-01,3.93
06-06-01,3.76
07-06-01,3.68
08-06-01,3.62
11-06-01,3.91
12-06-01,4.05
13-06-01,4.13
14-06-01,3.92
15-06-01,3.86
18-06-01,3.91
19-06-01,3.96
20-06-01,3.83
21-06-01,3.69
22-06-01,3.68
25-06-01,3.56
26-06-01,3.46
27-06-01,3.39
28-06-01,3.2
29-06-01,2.91
02-07-01,2.92
03-07-01,3
05-07-01,3.09
06-07-01,2.99
09-07-01,3.1
10-07-01,3.2
11-07-01,3.21
12-07-01,3.29
13-07-01,3.15
16-07-01,3.08
17-07-01,3.14
18-07-01,3.15
19-07-01,3.01
20-07-01,2.97
23-07-01,3.02
24-07-01,3
25-07-01,3.06
26-07-01,3.26
27-07-01,3.06
30-07-01,3.28
31-07-01,3.31
01-08-01,3.27
02-08-01,3.15
03-08-01,3.06
06-08-01,3.07
07-08-01,3.16
08-08-01,3.11
09-08-01,3.1
10-08-01,2.99
13-08-01,3
14-08-01,3.05
15-08-01,3.15
16-08-01,3.46
17-08-01,3.24
20-08-01,3.17
21-08-01,3.18
22-08-01,3.2
23-08-01,2.87
24-08-01,2.77
27-08-01,2.61
28-08-01,2.57
29-08-01,2.46
30-08-01,2.47
31-08-01,2.15
04-09-01,2.23
05-09-01,2.34
06-09-01,2.43
07-09-01,2.36
10-09-01,2.38
11-09-01,2.38
12-09-01,2.44
13-09-01,2.39
14-09-01,2.41
17-09-01,2.36
18-09-01,2.18
19-09-01,2.13
20-09-01,2.06
21-09-01,2.04
24-09-01,1.99
25-09-01,1.94
26-09-01,1.88
27-09-01,1.9
28-09-01,1.8
01-10-01,1.74
02-10-01,1.83
03-10-01,1.97
04-10-01,2.13
05-10-01,2.11
08-10-01,2.02
09-10-01,2.11
10-10-01,2.22
11-10-01,2.41
12-10-01,2.28
15-10-01,2.26
16-10-01,2.51
17-10-01,2.61
18-10-01,2.39
19-10-01,2.31
22-10-01,2.61
23-10-01,2.82
24-10-01,2.67
25-10-01,3.15
26-10-01,3.06
29-10-01,3.21
30-10-01,3.11
31-10-01,3.07
01-11-01,2.99
02-11-01,2.93
05-11-01,2.87
06-11-01,2.72
07-11-01,2.73
08-11-01,2.68
09-11-01,2.61
12-11-01,2.45
13-11-01,2.38
14-11-01,2.29
15-11-01,1.99
16-11-01,1.69
19-11-01,2.08
20-11-01,2.55
21-11-01,1.91
26-11-01,1.79
27-11-01,1.87
28-11-01,2.3
29-11-01,2.19
30-11-01,1.83
03-12-01,2.1
04-12-01,2
05-12-01,1.89
06-12-01,1.81
07-12-01,2.11
10-12-01,2.28
11-12-01,2.58
12-12-01,2.57
13-12-01,2.4
14-12-01,2.4
17-12-01,2.4
18-12-01,2.4
19-12-01,2.4
20-12-01,2.4
21-12-01,2.4
26-12-01,2.4
27-12-01,2.4
28-12-01,2.4
31-12-01,2.4
02-01-02,2.55
03-01-02,2.58
04-01-02,2.58
07-01-02,2.58
08-01-02,2.39
09-01-02,2.31
10-01-02,2.32
11-01-02,2.32
14-01-02,2.32
15-01-02,2.32
16-01-02,2.38
17-01-02,2.4
18-01-02,2.28
22-01-02,2.28
23-01-02,2.28
24-01-02,2.13
25-01-02,2.03
28-01-02,2.03
29-01-02,2.03
30-01-02,2.28
31-01-02,2.28
01-02-02,2.28
04-02-02,2.28
05-02-02,2.28
06-02-02,2.14
07-02-02,2.17
08-02-02,2.21
11-02-02,2.22
12-02-02,2.39
13-02-02,2.37
14-02-02,2.26
15-02-02,2.18
19-02-02,2.32
20-02-02,2.41
21-02-02,2.4
22-02-02,2.4
25-02-02,2.4
26-02-02,2.46
27-02-02,2.49
28-02-02,2.49
01-03-02,2.51
04-03-02,2.66
05-03-02,2.63
06-03-02,2.52
07-03-02,2.73
08-03-02,2.82
11-03-02,2.9
12-03-02,2.94
13-03-02,2.97
14-03-02,2.78
15-03-02,2.99
18-03-02,3.15
19-03-02,3.33
20-03-02,3.29
21-03-02,3.2
22-03-02,3.57
25-03-02,3.46
26-03-02,3.59
27-03-02,3.35
28-03-02,3.18
01-04-02,3.43
02-04-02,3.72
03-04-02,3.68
04-04-02,3.56
05-04-02,3.31
08-04-02,3.36
09-04-02,3.25
10-04-02,3.25
11-04-02,3.14
12-04-02,3.07
15-04-02,3.27
16-04-02,3.44
17-04-02,3.4
18-04-02,3.5
19-04-02,3.4
22-04-02,3.58
23-04-02,3.63
24-04-02,3.53
25-04-02,3.46
26-04-02,3.32
29-04-02,3.44
30-04-02,3.65
01-05-02,3.79
02-05-02,3.65
03-05-02,3.71
06-05-02,3.61
07-05-02,3.5
08-05-02,3.74
09-05-02,3.72
10-05-02,3.7
13-05-02,3.62
14-05-02,3.75
15-05-02,3.6
16-05-02,3.45
17-05-02,3.41
20-05-02,3.44
21-05-02,3.33
22-05-02,3.39
23-05-02,3.38
24-05-02,3.21
28-05-02,3.18
29-05-02,3.3
30-05-02,3.33
31-05-02,3.15
03-06-02,3.18
04-06-02,3.31
05-06-02,3.29
06-06-02,3.29
07-06-02,3.11
10-06-02,3.14
11-06-02,3.11
12-06-02,3.15
13-06-02,3.04
14-06-02,3.13
17-06-02,3.34
18-06-02,3.23
19-06-02,3.24
20-06-02,3.33
21-06-02,3.18
24-06-02,3.33
25-06-02,3.49
26-06-02,3.92
27-06-02,3.22
28-06-02,3.2
01-07-02,3.28
02-07-02,3.17
03-07-02,3.08
08-07-02,3.06
09-07-02,2.97
10-07-02,3.04
11-07-02,2.85
12-07-02,2.87
15-07-02,2.83
16-07-02,2.89
17-07-02,2.97
18-07-02,2.85
19-07-02,2.95
22-07-02,3.01
23-07-02,2.95
24-07-02,2.91
25-07-02,3.05
26-07-02,2.94
29-07-02,3.07
30-07-02,2.97
31-07-02,3.02
01-08-02,3.07
02-08-02,2.9
05-08-02,2.81
06-08-02,2.8
07-08-02,2.73
08-08-02,2.75
09-08-02,2.83
12-08-02,2.91
13-08-02,3.01
14-08-02,3.03
15-08-02,2.92
16-08-02,3.1
19-08-02,3.1
20-08-02,3.25
21-08-02,3.22
22-08-02,3.36
23-08-02,3.48
26-08-02,3.51
27-08-02,3.47
28-08-02,3.31
29-08-02,3.25
30-08-02,3.12
03-09-02,3.1
04-09-02,3.13
05-09-02,3.2
06-09-02,3.39
09-09-02,3.24
10-09-02,3.35
11-09-02,3.33
12-09-02,3.22
13-09-02,3.37
16-09-02,3.45
17-09-02,3.46
18-09-02,3.8
19-09-02,3.9
20-09-02,3.95
23-09-02,3.87
24-09-02,4
25-09-02,3.76
26-09-02,3.61
27-09-02,3.76
30-09-02,4.09
01-10-02,4.41
02-10-02,4.27
03-10-02,4.23
04-10-02,3.86
07-10-02,3.77
08-10-02,3.86
09-10-02,3.91
10-10-02,3.93
11-10-02,3.8
14-10-02,4.19
15-10-02,4.19
16-10-02,4.1
17-10-02,4.1
18-10-02,4.11
21-10-02,4.23
22-10-02,4.2
23-10-02,4.24
24-10-02,4.3
25-10-02,4.12
28-10-02,4.16
29-10-02,4.2
30-10-02,4.34
31-10-02,4.39
01-11-02,4.07
04-11-02,3.94
05-11-02,3.9
06-11-02,3.92
07-11-02,3.9
08-11-02,3.76
11-11-02,3.83
12-11-02,3.83
13-11-02,3.83
14-11-02,3.9
15-11-02,3.92
18-11-02,4.18
19-11-02,4.25
20-11-02,4.27
21-11-02,4.24
22-11-02,4.32
25-11-02,4.34
26-11-02,4.23
27-11-02,4.19
02-12-02,4.23
03-12-02,4.35
04-12-02,4.24
05-12-02,4.35
06-12-02,4.39
09-12-02,4.32
10-12-02,4.4
11-12-02,4.63
12-12-02,4.81
13-12-02,5.05
16-12-02,5.31
17-12-02,5.13
18-12-02,4.98
19-12-02,5.14
20-12-02,5.05
23-12-02,5.03
24-12-02,5.03
26-12-02,4.98
27-12-02,4.81
30-12-02,4.74
31-12-02,4.59
02-01-03,4.93
03-01-03,5.13
06-01-03,4.94
07-01-03,4.89
08-01-03,5.07
09-01-03,5.05
10-01-03,5.19
13-01-03,5.23
14-01-03,5.25
15-01-03,5.21
16-01-03,5.5
17-01-03,5.66
21-01-03,5.47
22-01-03,5.72
23-01-03,6.55
24-01-03,5.91
27-01-03,5.91
28-01-03,5.52
29-01-03,5.61
30-01-03,5.76
31-01-03,5.58
03-02-03,5.71
04-02-03,6.26
05-02-03,6.22
06-02-03,6.08
07-02-03,6.3
10-02-03,6.35
11-02-03,6.19
12-02-03,6.19
13-02-03,5.81
14-02-03,5.88
18-02-03,6.09
19-02-03,6.1
20-02-03,6.38
21-02-03,6.73
24-02-03,11.98
25-02-03,18.48
26-02-03,10.47
27-02-03,8.42
28-02-03,10.81
03-03-03,8.51
04-03-03,7.71
05-03-03,7.8
06-03-03,7.57
07-03-03,7.42
10-03-03,6.78
11-03-03,6.25
12-03-03,5.8
13-03-03,5.71
14-03-03,5.17
17-03-03,5.32
18-03-03,5.13
19-03-03,5.2
20-03-03,5.2
21-03-03,5.05
24-03-03,5.07
25-03-03,5.07
26-03-03,4.9
27-03-03,4.87
28-03-03,5.06
31-03-03,5.01
01-04-03,4.9
02-04-03,4.89
03-04-03,4.91
04-04-03,4.86
07-04-03,4.98
08-04-03,5.21
09-04-03,5.11
10-04-03,5.18
11-04-03,5.28
14-04-03,5.29
15-04-03,5.53
16-04-03,5.62
17-04-03,5.54
21-04-03,5.55
22-04-03,5.58
23-04-03,5.58
24-04-03,5.46
25-04-03,5.39
28-04-03,5.3
29-04-03,5.12
30-04-03,5.25
01-05-03,5.32
02-05-03,5.24
05-05-03,5.36
06-05-03,5.64
07-05-03,5.49
08-05-03,5.65
09-05-03,5.73
12-05-03,5.91
13-05-03,5.98
14-05-03,6.17
15-05-03,6.24
16-05-03,5.96
19-05-03,6.08
20-05-03,5.93
21-05-03,6.08
22-05-03,6.09
23-05-03,5.92
27-05-03,5.84
28-05-03,5.71
29-05-03,5.76
30-05-03,5.99
02-06-03,6.22
03-06-03,6.25
04-06-03,6.4
05-06-03,6.17
06-06-03,6.25
09-06-03,6.25
10-06-03,6.08
11-06-03,6.06
12-06-03,5.86
13-06-03,5.44
16-06-03,5.45
17-06-03,5.66
18-06-03,5.53
19-06-03,5.53
20-06-03,5.68
23-06-03,5.89
24-06-03,5.84
25-06-03,5.64
26-06-03,5.49
27-06-03,5.19
30-06-03,5.31
01-07-03,5.22
02-07-03,5.05
03-07-03,4.96
07-07-03,5.2
08-07-03,5.4
09-07-03,5.56
10-07-03,5.4
11-07-03,5.22
14-07-03,5.15
15-07-03,5.17
16-07-03,5
17-07-03,4.96
18-07-03,5.01
21-07-03,5.11
22-07-03,5.04
23-07-03,4.88
24-07-03,4.86
25-07-03,4.68
28-07-03,4.68
29-07-03,4.72
30-07-03,4.68
31-07-03,4.63
01-08-03,4.71
04-08-03,4.81
05-08-03,4.71
06-08-03,4.74
07-08-03,4.85
08-08-03,5.02
11-08-03,5.08
12-08-03,5.06
13-08-03,5.17
14-08-03,5.1
15-08-03,4.83
18-08-03,4.94
19-08-03,4.99
20-08-03,5.03
21-08-03,5.14
22-08-03,5.24
25-08-03,5.26
26-08-03,5.09
27-08-03,5.11
28-08-03,4.94
29-08-03,4.86
02-09-03,4.62
03-09-03,4.68
04-09-03,4.7
05-09-03,4.76
08-09-03,4.82
09-09-03,4.7
10-09-03,4.78
11-09-03,4.85
12-09-03,4.66
15-09-03,4.66
16-09-03,4.67
17-09-03,4.61
18-09-03,4.52
19-09-03,4.33
22-09-03,4.38
23-09-03,4.51
24-09-03,4.58
25-09-03,4.55
26-09-03,4.42
29-09-03,4.57
30-09-03,4.66
01-10-03,4.47
02-10-03,4.42
03-10-03,4.34
06-10-03,4.4
07-10-03,4.66
08-10-03,4.84
09-10-03,4.78
10-10-03,4.92
13-10-03,4.96
14-10-03,4.84
15-10-03,4.93
16-10-03,4.92
17-10-03,4.53
20-10-03,4.3
21-10-03,4.64
22-10-03,4.89
23-10-03,4.9
24-10-03,4.78
27-10-03,4.56
28-10-03,4.45
29-10-03,4.51
30-10-03,4.4
31-10-03,3.98
03-11-03,4.12
04-11-03,4.01
05-11-03,4.46
06-11-03,4.74
07-11-03,4.48
10-11-03,4.42
11-11-03,4.52
12-11-03,4.77
13-11-03,4.6
14-11-03,4.62
17-11-03,4.49
18-11-03,4.35
19-11-03,4.46
20-11-03,4.35
21-11-03,4.15
24-11-03,4.57
25-11-03,4.49
26-11-03,4.86
01-12-03,5.02
02-12-03,5.45
03-12-03,5.45
04-12-03,5.7
05-12-03,6.27
08-12-03,6.06
09-12-03,6.52
10-12-03,6.67
11-12-03,6.56
12-12-03,6.73
15-12-03,6.63
16-12-03,6.58
17-12-03,6.56
18-12-03,6.98
19-12-03,6.92
22-12-03,6.32
23-12-03,5.58
24-12-03,5.5
29-12-03,5.46
30-12-03,5.96
31-12-03,5.76
05-01-04,6.28
06-01-04,7.04
07-01-04,6.61
08-01-04,6.41
09-01-04,6.91
12-01-04,6.29
13-01-04,6.26
14-01-04,5.73
15-01-04,6.02
16-01-04,5.43
20-01-04,6.15
21-01-04,6.26
22-01-04,6.03
23-01-04,5.82
26-01-04,5.7
27-01-04,5.87
28-01-04,6.04
29-01-04,5.99
30-01-04,5.8
02-02-04,5.51
03-02-04,5.69
04-02-04,5.74
05-02-04,5.54
06-02-04,5.38
09-02-04,5.44
10-02-04,5.49
11-02-04,5.34
12-02-04,5.35
13-02-04,5.62
17-02-04,5.43
18-02-04,5.33
19-02-04,5.28
20-02-04,5.19
23-02-04,5.1
24-02-04,5.08
25-02-04,5.1
26-02-04,5.13
27-02-04,5.27
01-03-04,5.17
02-03-04,5.37
03-03-04,5.34
04-03-04,5.17
05-03-04,5.32
08-03-04,5.42
09-03-04,5.34
10-03-04,5.33
11-03-04,5.33
12-03-04,5.52
15-03-04,5.59
16-03-04,5.6
17-03-04,5.61
18-03-04,5.63
19-03-04,5.49
22-03-04,5.46
23-03-04,5.36
24-03-04,5.35
25-03-04,5.22
26-03-04,5.16
29-03-04,5.25
30-03-04,5.4
31-03-04,5.63
01-04-04,5.82
02-04-04,5.69
05-04-04,5.81
06-04-04,5.7
07-04-04,5.76
08-04-04,5.84
12-04-04,5.85
13-04-04,5.92
14-04-04,5.73
15-04-04,5.68
16-04-04,5.62
19-04-04,5.57
20-04-04,5.46
21-04-04,5.52
22-04-04,5.59
23-04-04,5.53
26-04-04,5.6
27-04-04,5.81
28-04-04,5.8
29-04-04,5.78
30-04-04,5.81
03-05-04,5.8
04-05-04,6.21
05-05-04,6.09
06-05-04,6.22
07-05-04,6.18
10-05-04,6.14
11-05-04,6.24
12-05-04,6.41
13-05-04,6.42
14-05-04,6.43
17-05-04,6.41
18-05-04,6.28
19-05-04,6.18
20-05-04,6.44
21-05-04,6.35
24-05-04,6.48
25-05-04,6.73
26-05-04,6.7
27-05-04,6.51
28-05-04,6.45
01-06-04,6.45
02-06-04,6.51
03-06-04,6.44
04-06-04,6.15
07-06-04,6.09
08-06-04,6.19
09-06-04,6.04
10-06-04,6
14-06-04,6.15
15-06-04,6.35
16-06-04,6.38
17-06-04,6.57
18-06-04,6.48
21-06-04,6.42
22-06-04,6.29
23-06-04,6.3
24-06-04,6.41
25-06-04,6.28
28-06-04,6.13
29-06-04,6.02
30-06-04,6.03
01-07-04,5.95
02-07-04,5.88
06-07-04,6.16
07-07-04,6.27
08-07-04,6.19
09-07-04,5.89
12-07-04,5.95
13-07-04,5.85
14-07-04,5.91
15-07-04,5.92
16-07-04,5.77
19-07-04,5.75
20-07-04,5.8
21-07-04,5.9
22-07-04,5.85
23-07-04,5.98
26-07-04,5.94
27-07-04,5.87
28-07-04,5.77
29-07-04,5.93
30-07-04,6.03
02-08-04,5.86
03-08-04,5.77
04-08-04,5.7
05-08-04,5.54
06-08-04,5.42
09-08-04,5.58
10-08-04,5.78
11-08-04,5.64
12-08-04,5.46
13-08-04,5.27
16-08-04,5.34
17-08-04,5.27
18-08-04,5.36
19-08-04,5.34
20-08-04,5.39
23-08-04,5.34
24-08-04,5.23
25-08-04,5.32
26-08-04,5.19
27-08-04,5.05
30-08-04,5.05
31-08-04,5.04
01-09-04,5.02
02-09-04,4.75
03-09-04,4.32
07-09-04,4.41
08-09-04,4.69
09-09-04,4.57
10-09-04,4.57
13-09-04,5.12
14-09-04,5.15
15-09-04,5.17
16-09-04,4.82
17-09-04,4.95
20-09-04,5.22
21-09-04,5.43
22-09-04,5.58
23-09-04,5.58
24-09-04,5.41
27-09-04,5.22
28-09-04,5.45
29-09-04,6.26
30-09-04,6.36
01-10-04,5.38
04-10-04,5.72
05-10-04,6.07
06-10-04,6
07-10-04,6.24
08-10-04,5.59
11-10-04,5.63
12-10-04,5.63
13-10-04,5.38
14-10-04,5.76
15-10-04,5.64
18-10-04,5.64
19-10-04,6.13
20-10-04,7.27
21-10-04,7.35
22-10-04,7.11
25-10-04,7.75
26-10-04,7.78
27-10-04,8.12
28-10-04,6.8
29-10-04,6.43
01-11-04,6.98
02-11-04,6.88
03-11-04,7.25
04-11-04,7.4
05-11-04,6.08
08-11-04,6.62
09-11-04,5.79
10-11-04,6.12
11-11-04,6.19
12-11-04,5.9
15-11-04,6.02
16-11-04,6.57
17-11-04,6.06
18-11-04,5.59
19-11-04,4.81
22-11-04,5.24
23-11-04,5.24
24-11-04,5.01
29-11-04,6.76
30-11-04,6.79
01-12-04,6.78
02-12-04,6.69
03-12-04,6.04
06-12-04,6.05
07-12-04,6.03
08-12-04,5.98
09-12-04,6.04
10-12-04,6.29
13-12-04,6.89
14-12-04,7.1
15-12-04,7.04
16-12-04,6.88
17-12-04,7.26
20-12-04,7.14
21-12-04,6.83
22-12-04,7.05
23-12-04,6.98
27-12-04,6.57
28-12-04,6.27
29-12-04,6.18
30-12-04,6.02
03-01-05,5.53
04-01-05,5.71
05-01-05,5.84
06-01-05,5.79
07-01-05,5.82
10-01-05,6.21
11-01-05,5.96
12-01-05,5.89
13-01-05,6.06
14-01-05,6.45
18-01-05,6.69
19-01-05,6.19
20-01-05,6.27
21-01-05,6.43
24-01-05,6.41
25-01-05,6.44
26-01-05,6.44
27-01-05,6.5
28-01-05,6.23
31-01-05,6.14
01-02-05,6.28
02-02-05,6.38
03-02-05,6.32
04-02-05,6.12
07-02-05,6.02
08-02-05,5.95
09-02-05,6.2
10-02-05,6.21
11-02-05,6.02
14-02-05,5.95
15-02-05,6.01
16-02-05,6.1
17-02-05,6.05
18-02-05,5.88
22-02-05,5.92
23-02-05,6.02
24-02-05,6.33
25-02-05,6.24
28-02-05,6.62
01-03-05,6.63
02-03-05,6.61
03-03-05,6.71
04-03-05,6.51
07-03-05,6.66
08-03-05,6.81
09-03-05,6.99
10-03-05,6.91
11-03-05,6.73
14-03-05,6.86
15-03-05,7.16
16-03-05,7.08
17-03-05,7.25
18-03-05,7.12
21-03-05,7.16
22-03-05,7.24
23-03-05,7.11
24-03-05,7.07
28-03-05,6.94
29-03-05,6.93
30-03-05,7.18
31-03-05,7.46
01-04-05,7.57
04-04-05,7.8
05-04-05,7.44
06-04-05,7.46
07-04-05,7.5
08-04-05,7.26
11-04-05,7.17
12-04-05,7.34
13-04-05,7.07
14-04-05,7.02
15-04-05,6.95
18-04-05,6.95
19-04-05,6.95
20-04-05,7.1
21-04-05,6.93
22-04-05,7.06
25-04-05,7.27
26-04-05,7.08
27-04-05,7.1
28-04-05,6.67
29-04-05,6.64
02-05-05,6.5
03-05-05,6.61
04-05-05,6.49
05-05-05,6.65
06-05-05,6.67
09-05-05,6.56
10-05-05,6.67
11-05-05,6.63
12-05-05,6.62
13-05-05,6.47
16-05-05,6.45
17-05-05,6.41
18-05-05,6.5
19-05-05,6.39
20-05-05,6.36
23-05-05,6.33
24-05-05,6.45
25-05-05,6.33
26-05-05,6.3
27-05-05,6.22
31-05-05,6.31
01-06-05,6.36
02-06-05,6.63
03-06-05,6.65
06-06-05,7.05
07-06-05,7.13
08-06-05,7.22
09-06-05,7.05
10-06-05,7.09
13-06-05,7.08
14-06-05,7.32
15-06-05,7.39
16-06-05,7.41
17-06-05,7.61
20-06-05,7.8
21-06-05,7.46
22-06-05,7.39
23-06-05,7.51
24-06-05,7.45
27-06-05,7.29
28-06-05,7.04
29-06-05,7.08
30-06-05,7.01
01-07-05,7.01
05-07-05,7.38
06-07-05,7.69
07-07-05,7.62
08-07-05,7.87
11-07-05,7.35
12-07-05,7.79
13-07-05,7.78
14-07-05,7.99
15-07-05,8.02
18-07-05,7.77
19-07-05,7.7
20-07-05,7.75
21-07-05,7.64
22-07-05,7.41
25-07-05,7.38
26-07-05,7.45
27-07-05,7.52
28-07-05,7.69
29-07-05,7.76
01-08-05,8.03
02-08-05,8.38
03-08-05,8.75
04-08-05,8.55
05-08-05,8.6
08-08-05,8.93
09-08-05,8.7
10-08-05,8.82
11-08-05,9.29
12-08-05,9.59
15-08-05,9.53
16-08-05,9.66
17-08-05,9.99
18-08-05,9.38
19-08-05,9.09
22-08-05,9.44
23-08-05,9.96
24-08-05,10.02
25-08-05,9.77
26-08-05,9.86
29-08-05,9.86
30-08-05,12.36
31-08-05,12.69
01-09-05,11.36
02-09-05,11.75
06-09-05,11.56
07-09-05,11.03
08-09-05,10.92
09-09-05,11.03
12-09-05,10.68
13-09-05,10.71
14-09-05,10.8
15-09-05,11.24
16-09-05,11.25
19-09-05,11.99
20-09-05,12.76
21-09-05,14.26
22-09-05,14.84
07-10-05,13.67
10-10-05,13.29
11-10-05,13.67
12-10-05,13.77
13-10-05,13.48
14-10-05,12.8
17-10-05,13.89
18-10-05,13.41
19-10-05,13.52
20-10-05,13.24
21-10-05,12.73
24-10-05,12.95
25-10-05,13.9
26-10-05,14.68
27-10-05,13.9
28-10-05,13.1
31-10-05,12.18
01-11-05,10.8
02-11-05,10.85
03-11-05,10.79
04-11-05,9.67
07-11-05,8.77
08-11-05,9.15
09-11-05,9.31
10-11-05,9.66
11-11-05,9.2
14-11-05,9.15
15-11-05,9.21
16-11-05,11.03
17-11-05,11.92
18-11-05,10.01
21-11-05,10.48
22-11-05,11.15
23-11-05,11.02
28-11-05,11.01
29-11-05,11.17
30-11-05,11.73
01-12-05,12.58
02-12-05,12.95
05-12-05,14.27
06-12-05,13.57
07-12-05,13.95
08-12-05,14.25
09-12-05,15.02
12-12-05,14.82
13-12-05,15.39
14-12-05,14.81
15-12-05,14.07
16-12-05,13.36
19-12-05,13.73
20-12-05,13.79
21-12-05,13.56
22-12-05,13.03
23-12-05,11.17
27-12-05,10.22
28-12-05,9.9
29-12-05,10.07
30-12-05,9.52
03-01-06,9.9
04-01-06,9.25
05-01-06,9.24
06-01-06,9.3
09-01-06,8.79
10-01-06,8.6
11-01-06,8.55
12-01-06,8.7
13-01-06,8.5
17-01-06,8.82
18-01-06,8.86
19-01-06,8.21
20-01-06,8.8
23-01-06,8.29
24-01-06,8.27
25-01-06,8.5
26-01-06,7.86
27-01-06,8.19
30-01-06,8.36
31-01-06,8.73
01-02-06,8.71
02-02-06,8.01
03-02-06,8.01
06-02-06,8.24
07-02-06,7.74
08-02-06,7.88
09-02-06,7.55
10-02-06,7.57
13-02-06,7.36
14-02-06,7.03
15-02-06,7.31
16-02-06,7.16
17-02-06,7.39
21-02-06,7.4
22-02-06,7.55
23-02-06,7.23
24-02-06,7.39
27-02-06,6.97
28-02-06,6.69
01-03-06,6.62
02-03-06,6.69
03-03-06,6.59
06-03-06,6.5
07-03-06,6.53
08-03-06,6.47
09-03-06,6.31
10-03-06,6.4
13-03-06,6.77
14-03-06,7.15
15-03-06,7.1
16-03-06,7.12
17-03-06,7.17
20-03-06,7
21-03-06,6.83
22-03-06,7.06
23-03-06,7.16
24-03-06,7.43
27-03-06,7.05
28-03-06,7.15
29-03-06,7.16
30-03-06,7.19
31-03-06,6.98
03-04-06,7.08
04-04-06,7.04
05-04-06,6.89
06-04-06,7.06
07-04-06,6.81
10-04-06,6.83
11-04-06,6.99
12-04-06,6.78
13-04-06,6.64
17-04-06,7.22
18-04-06,7.6
19-04-06,7.72
20-04-06,7.95
21-04-06,7.65
24-04-06,7.73
25-04-06,7.37
26-04-06,7.17
27-04-06,6.94
28-04-06,6.64
01-05-06,6.53
02-05-06,6.68
03-05-06,6.56
04-05-06,6.47
05-05-06,6.8
08-05-06,6.54
09-05-06,6.55
10-05-06,6.5
11-05-06,6.8
12-05-06,6.35
15-05-06,5.92
16-05-06,5.99
17-05-06,6.15
18-05-06,5.79
19-05-06,5.77
22-05-06,5.91
23-05-06,6.27
24-05-06,6.01
25-05-06,5.85
26-05-06,5.78
30-05-06,6.2
31-05-06,5.97
01-06-06,6.25
02-06-06,6.23
05-06-06,6.4
06-06-06,6.16
07-06-06,5.82
08-06-06,5.84
09-06-06,6.1
12-06-06,6.02
13-06-06,5.95
14-06-06,6.08
15-06-06,6.43
16-06-06,7.03
19-06-06,6.71
20-06-06,6.62
21-06-06,6.5
22-06-06,6.51
23-06-06,6.14
26-06-06,5.89
27-06-06,5.97
28-06-06,6.04
29-06-06,6.09
30-06-06,5.84
05-07-06,5.7
06-07-06,5.28
07-07-06,5.18
10-07-06,5.32
11-07-06,5.51
12-07-06,5.66
13-07-06,5.92
14-07-06,6.28
17-07-06,6.27
18-07-06,6.02
19-07-06,5.89
20-07-06,6.14
21-07-06,5.9
24-07-06,6.33
25-07-06,6.78
26-07-06,6.71
27-07-06,7.03
28-07-06,7.24
31-07-06,8.04
01-08-06,8.66
02-08-06,8.65
03-08-06,7.61
04-08-06,7.44
07-08-06,6.97
08-08-06,7.06
09-08-06,7.6
10-08-06,7.95
11-08-06,7.56
14-08-06,6.89
15-08-06,6.9
16-08-06,7.01
17-08-06,6.73
18-08-06,6.66
21-08-06,6.72
22-08-06,6.86
23-08-06,7.19
24-08-06,7.22
25-08-06,7.48
28-08-06,6.51
29-08-06,6.24
30-08-06,6.4
31-08-06,5.8
01-09-06,5.24
05-09-06,5.45
06-09-06,5.7
07-09-06,5.64
08-09-06,5.31
11-09-06,5.29
12-09-06,5.57
13-09-06,5.4
14-09-06,5.09
15-09-06,4.4
18-09-06,5.02
19-09-06,4.99
20-09-06,4.87
21-09-06,4.65
22-09-06,4.47
25-09-06,4.31
26-09-06,4.36
27-09-06,4.35
28-09-06,4.15
29-09-06,3.66
02-10-06,4.11
03-10-06,4.01
04-10-06,4.38
05-10-06,4.69
06-10-06,4.41
09-10-06,5.06
10-10-06,5.16
11-10-06,5.66
12-10-06,5.17
13-10-06,4.3
16-10-06,5.13
17-10-06,6.26
18-10-06,6.07
19-10-06,6.77
20-10-06,6.88
23-10-06,7.29
24-10-06,7.13
25-10-06,7.2
26-10-06,7.91
27-10-06,7.41
30-10-06,6.99
31-10-06,6.64
01-11-06,7.15
02-11-06,7.32
03-11-06,7.43
06-11-06,6.72
07-11-06,6.59
08-11-06,7.39
09-11-06,7.35
10-11-06,7.16
13-11-06,7.26
14-11-06,7.42
15-11-06,7.45
16-11-06,7.59
17-11-06,7.23
20-11-06,7.79
21-11-06,7.57
22-11-06,7.42
27-11-06,7.58
28-11-06,7.61
29-11-06,7.74
30-11-06,8.32
01-12-06,8.42
04-12-06,7.84
05-12-06,7.32
06-12-06,7.32
07-12-06,7.61
08-12-06,7.45
11-12-06,6.81
12-12-06,6.93
13-12-06,7.21
14-12-06,7.26
15-12-06,6.82
18-12-06,6.62
19-12-06,6.27
20-12-06,6.43
21-12-06,6.09
22-12-06,5.88
26-12-06,5.72
27-12-06,5.54
28-12-06,5.63
29-12-06,5.5
02-01-07,5.4
03-01-07,5.47
04-01-07,5.6
05-01-07,5.52
08-01-07,6.02
09-01-07,6.15
10-01-07,6.42
11-01-07,6.09
12-01-07,5.97
16-01-07,6.82
17-01-07,6.57
18-01-07,6.29
19-01-07,6.4
22-01-07,7.2
23-01-07,7.53
24-01-07,7.58
25-01-07,7.18
26-01-07,6.95
29-01-07,7.35
30-01-07,7.32
31-01-07,7.76
01-02-07,7.93
02-02-07,8.17
05-02-07,9.14
06-02-07,8.29
07-02-07,7.9
08-02-07,8.06
09-02-07,8.16
12-02-07,7.78
13-02-07,8.09
14-02-07,8.9
15-02-07,8.91
16-02-07,8.45
20-02-07,7.34
21-02-07,7.51
22-02-07,7.47
23-02-07,7.53
26-02-07,7.73
27-02-07,7.44
28-02-07,7.23
01-03-07,7.07
02-03-07,7.22
05-03-07,7.36
06-03-07,7.55
07-03-07,7.5
08-03-07,7.14
09-03-07,7.05
12-03-07,6.81
13-03-07,6.78
14-03-07,6.86
15-03-07,7.02
16-03-07,6.84
19-03-07,6.7
20-03-07,6.81
21-03-07,6.82
22-03-07,7.07
23-03-07,7.16
26-03-07,7.15
27-03-07,7.15
28-03-07,7.47
29-03-07,7.34
30-03-07,7.5
02-04-07,7.62
03-04-07,7.57
04-04-07,7.46
05-04-07,7.53
09-04-07,7.65
10-04-07,7.65
11-04-07,7.97
12-04-07,7.95
13-04-07,7.93
16-04-07,7.66
17-04-07,7.5
18-04-07,7.54
19-04-07,7.54
20-04-07,7.32
23-04-07,7.24
24-04-07,7.57
25-04-07,7.6
26-04-07,7.56
27-04-07,7.44
30-04-07,7.71
01-05-07,7.64
02-05-07,7.64
03-05-07,7.58
04-05-07,7.82
07-05-07,7.69
08-05-07,7.5
09-05-07,7.46
10-05-07,7.63
11-05-07,7.53
14-05-07,7.85
15-05-07,7.68
16-05-07,7.62
17-05-07,7.69
18-05-07,7.87
21-05-07,7.66
22-05-07,7.6
23-05-07,7.51
24-05-07,7.56
25-05-07,7.47
29-05-07,7.51
30-05-07,7.71
31-05-07,7.8
01-06-07,7.57
04-06-07,7.73
05-06-07,7.83
06-06-07,7.83
07-06-07,7.89
08-06-07,7.52
11-06-07,7.42
12-06-07,7.45
13-06-07,7.6
14-06-07,7.48
15-06-07,7.58
18-06-07,7.69
19-06-07,7.46
20-06-07,7.39
21-06-07,7.24
22-06-07,7.04
25-06-07,6.77
26-06-07,6.85
27-06-07,6.74
28-06-07,6.79
29-06-07,6.4
02-07-07,6.24
03-07-07,6.37
05-07-07,6.3
06-07-07,6.15
09-07-07,6.39
10-07-07,6.44
11-07-07,6.66
12-07-07,6.26
13-07-07,6.27
16-07-07,6.32
17-07-07,6.34
18-07-07,6.23
19-07-07,6.5
20-07-07,6.46
23-07-07,6
24-07-07,5.66
25-07-07,5.56
26-07-07,5.83
27-07-07,5.77
30-07-07,6.31
31-07-07,6.53
01-08-07,6.19
02-08-07,6.34
03-08-07,6.11
06-08-07,6.1
07-08-07,6.38
08-08-07,6.24
09-08-07,6.45
10-08-07,6.57
13-08-07,7.15
14-08-07,6.86
15-08-07,7.3
16-08-07,6.96
17-08-07,7.14
20-08-07,6.47
21-08-07,5.92
22-08-07,5.84
23-08-07,5.73
24-08-07,5.69
27-08-07,5.34
28-08-07,5.56
29-08-07,5.64
30-08-07,5.54
31-08-07,5.49
04-09-07,5.3
05-09-07,5.8
06-09-07,6.02
07-09-07,5.53
10-09-07,5.56
11-09-07,5.98
12-09-07,6.13
13-09-07,6.27
14-09-07,6.23
17-09-07,6.38
18-09-07,6.42
19-09-07,6.25
20-09-07,6.02
21-09-07,5.96
24-09-07,6.12
25-09-07,6.54
26-09-07,6.47
27-09-07,6.38
28-09-07,6.15
01-10-07,6.07
02-10-07,6.55
03-10-07,6.96
04-10-07,6.91
05-10-07,6.77
08-10-07,6.69
09-10-07,6.63
10-10-07,6.79
11-10-07,6.85
12-10-07,6.46
15-10-07,7.09
16-10-07,7.29
17-10-07,7.12
18-10-07,7.11
19-10-07,6.91
22-10-07,6.63
23-10-07,6.3
24-10-07,6.11
25-10-07,6.49
26-10-07,6.43
29-10-07,6.66
30-10-07,6.99
31-10-07,7.28
01-11-07,7.09
02-11-07,6.63
05-11-07,6.71
06-11-07,7.2
07-11-07,7.42
08-11-07,6.81
09-11-07,6.59
12-11-07,6.83
13-11-07,7.22
14-11-07,7.28
15-11-07,7.35
16-11-07,7.29
19-11-07,7.38
20-11-07,6.81
21-11-07,6.67
23-11-07,6.67
26-11-07,7.53
27-11-07,7.42
28-11-07,7.51
29-11-07,7.45
30-11-07,7.29
03-12-07,6.97
04-12-07,7.27
05-12-07,7.04
06-12-07,7.29
07-12-07,7.04
10-12-07,6.98
11-12-07,7.12
12-12-07,7.22
13-12-07,7.46
14-12-07,7.09
17-12-07,7.06
18-12-07,7.16
19-12-07,7.18
20-12-07,7.19
21-12-07,7.03
24-12-07,7.03
26-12-07,6.94
27-12-07,6.8
28-12-07,7.11
31-12-07,7.11
02-01-08,7.83
03-01-08,7.84
04-01-08,7.51
07-01-08,7.61
08-01-08,7.59
09-01-08,7.89
10-01-08,7.96
11-01-08,8.13
14-01-08,8.45
15-01-08,8.43
16-01-08,8.23
17-01-08,8.1
18-01-08,8.42
22-01-08,7.97
23-01-08,7.84
24-01-08,7.85
25-01-08,7.8
28-01-08,7.87
29-01-08,8.1
30-01-08,8.17
31-01-08,8.1
01-02-08,7.88
04-02-08,7.56
05-02-08,7.8
06-02-08,7.94
07-02-08,7.99
08-02-08,8.06
11-02-08,8.38
12-02-08,8.37
13-02-08,8.35
14-02-08,8.5
15-02-08,8.73
19-02-08,8.91
20-02-08,9.08
21-02-08,8.9
22-02-08,8.65
25-02-08,9.15
26-02-08,9.21
27-02-08,9.21
28-02-08,9.11
29-02-08,9.1
03-03-08,9.07
04-03-08,9.21
05-03-08,9.37
06-03-08,9.7
07-03-08,9.82
10-03-08,9.59
11-03-08,9.85
12-03-08,9.69
13-03-08,9.74
14-03-08,9.84
17-03-08,9.59
18-03-08,9.1
19-03-08,9.11
20-03-08,8.54
24-03-08,8.99
25-03-08,9.28
26-03-08,9.25
27-03-08,9.3
28-03-08,9.36
31-03-08,9.86
01-04-08,9.92
02-04-08,9.6
03-04-08,9.68
04-04-08,9.36
07-04-08,9.48
08-04-08,9.78
09-04-08,9.88
10-04-08,10.18
11-04-08,10.07
14-04-08,10.03
15-04-08,10.16
16-04-08,10.11
17-04-08,10.27
18-04-08,10.08
21-04-08,10.5
22-04-08,10.56
23-04-08,10.33
24-04-08,10.58
25-04-08,10.72
28-04-08,10.95
29-04-08,10.94
30-04-08,10.81
01-05-08,10.66
02-05-08,10.37
05-05-08,10.77
06-05-08,11.09
07-05-08,11.08
08-05-08,11.33
09-05-08,11.29
12-05-08,11.38
13-05-08,11.18
14-05-08,11.52
15-05-08,11.41
16-05-08,11.31
19-05-08,11.1
20-05-08,10.94
21-05-08,11.4
22-05-08,11.57
23-05-08,11.56
27-05-08,11.85
28-05-08,11.6
29-05-08,11.81
30-05-08,11.43
02-06-08,11.8
03-06-08,12.27
04-06-08,12.17
05-06-08,12.49
06-06-08,12.71
09-06-08,12.71
10-06-08,12.72
11-06-08,12.49
12-06-08,12.51
13-06-08,12.51
16-06-08,12.73
17-06-08,12.87
18-06-08,12.93
19-06-08,13.09
20-06-08,12.76
23-06-08,12.92
24-06-08,12.96
25-06-08,12.76
26-06-08,12.7
27-06-08,13.1
30-06-08,13.19
01-07-08,13.28
02-07-08,13.31
03-07-08,13
07-07-08,12.96
08-07-08,12.47
09-07-08,12.1
10-07-08,11.83
11-07-08,12.15
14-07-08,11.58
15-07-08,11.79
16-07-08,11.15
17-07-08,11.43
18-07-08,10.54
21-07-08,10.58
22-07-08,10.16
23-07-08,9.88
24-07-08,9.7
25-07-08,9.34
28-07-08,9.26
29-07-08,9.17
30-07-08,9.01
31-07-08,9.26
01-08-08,9.05
04-08-08,9.2
05-08-08,8.66
06-08-08,8.7
07-08-08,8.77
08-08-08,8.22
11-08-08,8.18
12-08-08,8.23
13-08-08,8.11
14-08-08,8.15
15-08-08,7.82
18-08-08,7.74
19-08-08,7.73
20-08-08,8.02
21-08-08,8.04
22-08-08,7.98
25-08-08,7.63
26-08-08,8.02
27-08-08,8.54
28-08-08,8.36
29-08-08,8.24
02-09-08,8.24
03-09-08,7.26
04-09-08,7.24
05-09-08,7.4
08-09-08,7.68
09-09-08,7.28
10-09-08,7.65
11-09-08,7.83
12-09-08,8.02
15-09-08,8.02
16-09-08,7.76
17-09-08,7.72
18-09-08,8.26
19-09-08,7.79
22-09-08,7.66
23-09-08,7.84
24-09-08,8.15
25-09-08,7.63
26-09-08,7.42
29-09-08,7.13
30-09-08,7.17
01-10-08,7.41
02-10-08,7.64
03-10-08,7.16
06-10-08,6.87
07-10-08,6.74
08-10-08,6.58
09-10-08,6.69
10-10-08,6.52
13-10-08,6.62
14-10-08,6.74
15-10-08,6.64
16-10-08,6.65
17-10-08,6.76
20-10-08,6.98
21-10-08,6.76
22-10-08,6.94
23-10-08,6.77
24-10-08,6.29
27-10-08,6.27
28-10-08,6.4
29-10-08,6.58
30-10-08,6.75
31-10-08,6.18
03-11-08,6.45
04-11-08,6.79
05-11-08,6.94
06-11-08,7.04
07-11-08,6.6
10-11-08,7.07
11-11-08,7.02
12-11-08,6.65
13-11-08,6.31
14-11-08,6.33
17-11-08,6.55
18-11-08,6.74
19-11-08,6.76
20-11-08,6.76
21-11-08,6.56
24-11-08,6.85
25-11-08,6.71
26-11-08,6.43
28-11-08,6.43
01-12-08,6.48
02-12-08,6.68
03-12-08,6.48
04-12-08,6.55
05-12-08,5.99
08-12-08,5.73
09-12-08,5.57
10-12-08,5.67
11-12-08,5.86
12-12-08,5.56
15-12-08,5.75
16-12-08,5.75
17-12-08,5.79
18-12-08,5.63
19-12-08,5.66
22-12-08,5.39
23-12-08,5.37
24-12-08,5.44
26-12-08,5.44
29-12-08,5.81
30-12-08,5.71
31-12-08,5.63
02-01-09,5.41
05-01-09,5.83
06-01-09,6.1
07-01-09,5.89
08-01-09,5.96
09-01-09,5.6
12-01-09,5.59
13-01-09,5.7
14-01-09,5.47
15-01-09,5.27
16-01-09,5.09
20-01-09,4.86
21-01-09,4.87
22-01-09,4.72
23-01-09,4.75
26-01-09,4.62
27-01-09,4.76
28-01-09,4.84
29-01-09,4.71
30-01-09,4.77
02-02-09,4.48
03-02-09,5.04
04-02-09,5.01
05-02-09,4.84
06-02-09,4.67
09-02-09,4.76
10-02-09,4.84
11-02-09,4.68
12-02-09,4.73
13-02-09,4.6
17-02-09,4.35
18-02-09,4.35
19-02-09,4.46
20-02-09,4.21
23-02-09,4.23
24-02-09,4.21
25-02-09,4.2
26-02-09,4.08
27-02-09,4.04
02-03-09,4.36
03-03-09,4.43
04-03-09,4.23
05-03-09,4.22
06-03-09,3.93
09-03-09,3.86
10-03-09,3.88
11-03-09,3.92
12-03-09,3.87
13-03-09,3.9
16-03-09,3.78
17-03-09,3.78
18-03-09,3.75
19-03-09,3.68
20-03-09,3.99
23-03-09,4.17
24-03-09,4.13
25-03-09,4.13
26-03-09,4.16
27-03-09,3.73
30-03-09,3.63
31-03-09,3.58
01-04-09,3.56
02-04-09,3.69
03-04-09,3.66
06-04-09,3.74
07-04-09,3.6
08-04-09,3.5
09-04-09,3.59
13-04-09,3.46
14-04-09,3.59
15-04-09,3.6
16-04-09,3.54
17-04-09,3.47
20-04-09,3.55
21-04-09,3.43
22-04-09,3.48
23-04-09,3.46
24-04-09,3.31
27-04-09,3.19
28-04-09,3.29
29-04-09,3.43
30-04-09,3.25
01-05-09,3.3
04-05-09,3.47
05-05-09,3.62
06-05-09,3.67
07-05-09,3.96
08-05-09,4.16
11-05-09,4.24
12-05-09,4.41
13-05-09,4.42
14-05-09,4.1
15-05-09,4.05
18-05-09,4.02
19-05-09,3.99
20-05-09,3.75
21-05-09,3.77
22-05-09,3.41
26-05-09,3.35
27-05-09,3.49
28-05-09,3.55
29-05-09,3.92
01-06-09,3.86
02-06-09,4.05
03-06-09,3.81
04-06-09,3.58
05-06-09,3.51
08-06-09,3.53
09-06-09,3.53
10-06-09,3.56
11-06-09,3.51
12-06-09,3.54
15-06-09,3.8
16-06-09,4.16
17-06-09,3.99
18-06-09,4.19
19-06-09,4.04
22-06-09,4.01
23-06-09,3.91
24-06-09,3.8
25-06-09,3.82
26-06-09,3.81
29-06-09,3.88
30-06-09,3.72
01-07-09,3.63
02-07-09,3.49
06-07-09,3.24
07-07-09,3.3
08-07-09,3.22
09-07-09,3.36
10-07-09,3.24
13-07-09,3.17
14-07-09,3.29
15-07-09,3.37
16-07-09,3.21
17-07-09,3.39
20-07-09,3.49
21-07-09,3.48
22-07-09,3.49
23-07-09,3.66
24-07-09,3.37
27-07-09,3.46
28-07-09,3.49
29-07-09,3.41
30-07-09,3.34
31-07-09,3.34
03-08-09,3.43
04-08-09,3.53
05-08-09,3.61
06-08-09,3.78
07-08-09,3.57
10-08-09,3.55
11-08-09,3.54
12-08-09,3.36
13-08-09,3.34
14-08-09,3.18
17-08-09,3.11
18-08-09,3.12
19-08-09,3.03
20-08-09,3.03
21-08-09,2.78
24-08-09,2.69
25-08-09,2.85
26-08-09,2.76
27-08-09,2.76
28-08-09,2.52
31-08-09,2.42
01-09-09,2.36
02-09-09,2.25
03-09-09,2.06
04-09-09,1.83
08-09-09,2.43
09-09-09,2.72
10-09-09,2.68
11-09-09,2.94
14-09-09,2.84
15-09-09,3.21
16-09-09,3.28
17-09-09,3.5
18-09-09,3.21
21-09-09,3.35
22-09-09,3.37
23-09-09,3.43
24-09-09,3.56
25-09-09,3.61
28-09-09,3.54
29-09-09,3.3
30-09-09,3.25
01-10-09,2.91
02-10-09,2.32
05-10-09,2.89
06-10-09,3.23
07-10-09,3.7
08-10-09,4.24
09-10-09,3.92
12-10-09,3.96
13-10-09,4.03
14-10-09,3.82
15-10-09,3.88
16-10-09,3.94
19-10-09,4.22
20-10-09,4.6
21-10-09,4.8
22-10-09,4.98
23-10-09,4.88
26-10-09,4.52
27-10-09,4.52
28-10-09,4.59
29-10-09,4.11
30-10-09,4.11
02-11-09,4.32
03-11-09,4.33
04-11-09,4.49
05-11-09,4.3
06-11-09,3.95
09-11-09,3.78
10-11-09,3.76
11-11-09,3.59
12-11-09,3.24
13-11-09,2.51
16-11-09,2.65
17-11-09,3.47
18-11-09,3.74
19-11-09,3.57
20-11-09,3.09
23-11-09,3.79
24-11-09,3.63
25-11-09,3.32
27-11-09,3.32
30-11-09,4.41
01-12-09,4.3
02-12-09,4.67
03-12-09,4.57
04-12-09,4.53
07-12-09,4.78
08-12-09,5.1
09-12-09,5.27
10-12-09,5.02
11-12-09,5.21
14-12-09,5.41
15-12-09,5.53
16-12-09,5.57
17-12-09,5.65
18-12-09,5.87
21-12-09,5.79
22-12-09,5.56
23-12-09,5.55
24-12-09,5.75
28-12-09,5.91
29-12-09,6.01
30-12-09,5.78
31-12-09,5.82
04-01-10,6.09
05-01-10,6.19
06-01-10,6.47
07-01-10,7.51
08-01-10,6.56
11-01-10,5.77
12-01-10,5.57
13-01-10,5.61
14-01-10,5.77
15-01-10,5.66
19-01-10,5.51
20-01-10,5.54
21-01-10,5.52
22-01-10,5.67
25-01-10,5.76
26-01-10,5.61
27-01-10,5.42
28-01-10,5.32
29-01-10,5.26
01-02-10,5.3
02-02-10,5.47
03-02-10,5.51
04-02-10,5.47
05-02-10,5.61
08-02-10,5.73
09-02-10,5.54
10-02-10,5.48
11-02-10,5.53
12-02-10,5.48
16-02-10,5.65
17-02-10,5.47
18-02-10,5.4
19-02-10,5.1
22-02-10,4.92
23-02-10,4.91
24-02-10,4.91
25-02-10,4.84
26-02-10,4.76
01-03-10,4.83
02-03-10,4.78
03-03-10,4.76
04-03-10,4.78
05-03-10,4.56
08-03-10,4.47
09-03-10,4.51
10-03-10,4.44
11-03-10,4.47
12-03-10,4.35
15-03-10,4.29
16-03-10,4.38
17-03-10,4.27
18-03-10,4.19
19-03-10,4.01
22-03-10,4.02
23-03-10,4.08
24-03-10,4.02
25-03-10,4.01
26-03-10,3.92
29-03-10,3.83
30-03-10,3.79
31-03-10,3.93
01-04-10,3.72
05-04-10,3.93
06-04-10,4.16
07-04-10,4.08
08-04-10,3.92
09-04-10,3.9
12-04-10,4.04
13-04-10,3.97
14-04-10,4.15
15-04-10,4.16
16-04-10,3.97
19-04-10,4.02
20-04-10,3.93
21-04-10,3.96
22-04-10,3.95
23-04-10,4.07
26-04-10,4.23
27-04-10,4.18
28-04-10,4.19
29-04-10,4.24
30-04-10,3.94
03-05-10,3.86
04-05-10,3.96
05-05-10,4
06-05-10,3.97
07-05-10,3.91
10-05-10,4.08
11-05-10,4.15
12-05-10,4.18
13-05-10,4.26
14-05-10,4.27
17-05-10,4.34
18-05-10,4.42
19-05-10,4.28
20-05-10,4.12
21-05-10,4.12
24-05-10,4.08
25-05-10,4.08
26-05-10,4.19
27-05-10,4.22
28-05-10,4.31
01-06-10,4.39
02-06-10,4.32
03-06-10,4.46
04-06-10,4.6
07-06-10,4.67
08-06-10,4.89
09-06-10,4.75
10-06-10,4.68
11-06-10,4.68
14-06-10,4.94
15-06-10,5.11
16-06-10,5.13
17-06-10,5.14
18-06-10,5.17
21-06-10,5.15
22-06-10,4.87
23-06-10,4.9
24-06-10,4.88
25-06-10,4.84
28-06-10,4.85
29-06-10,4.68
30-06-10,4.53
01-07-10,4.54
02-07-10,4.72
06-07-10,4.85
07-07-10,4.76
08-07-10,4.61
09-07-10,4.36
12-07-10,4.42
13-07-10,4.46
14-07-10,4.39
15-07-10,4.43
16-07-10,4.68
19-07-10,4.56
20-07-10,4.59
21-07-10,4.7
22-07-10,4.67
23-07-10,4.69
26-07-10,4.65
27-07-10,4.72
28-07-10,4.75
29-07-10,4.8
30-07-10,4.81
02-08-10,4.94
03-08-10,4.78
04-08-10,4.77
05-08-10,4.84
06-08-10,4.67
09-08-10,4.52
10-08-10,4.43
11-08-10,4.38
12-08-10,4.42
13-08-10,4.35
16-08-10,4.37
17-08-10,4.28
18-08-10,4.35
19-08-10,4.29
20-08-10,4.19
23-08-10,4.12
24-08-10,4.07
25-08-10,3.99
26-08-10,3.85
27-08-10,3.75
30-08-10,3.77
31-08-10,3.8
01-09-10,3.73
02-09-10,3.74
03-09-10,3.74
07-09-10,3.82
08-09-10,3.81
09-09-10,3.79
10-09-10,3.79
13-09-10,3.83
14-09-10,3.98
15-09-10,4.06
16-09-10,4.09
17-09-10,4.11
20-09-10,4.01
21-09-10,3.95
22-09-10,4.02
23-09-10,4.08
24-09-10,3.97
27-09-10,3.8
28-09-10,3.8
29-09-10,3.81
30-09-10,3.85
01-10-10,3.67
04-10-10,3.56
05-10-10,3.51
06-10-10,3.56
07-10-10,3.62
08-10-10,3.36
11-10-10,3.43
12-10-10,3.4
13-10-10,3.58
14-10-10,3.58
15-10-10,3.47
18-10-10,3.36
19-10-10,3.36
20-10-10,3.46
21-10-10,3.46
22-10-10,3.19
25-10-10,3.18
26-10-10,3.28
27-10-10,3.37
28-10-10,3.36
29-10-10,3.36
01-11-10,3.42
02-11-10,3.2
03-11-10,3.35
04-11-10,3.53
05-11-10,3.47
08-11-10,3.49
09-11-10,3.76
10-11-10,4
11-11-10,3.73
12-11-10,3.5
15-11-10,3.56
16-11-10,3.66
17-11-10,3.77
18-11-10,3.89
19-11-10,3.79
22-11-10,4.02
23-11-10,3.93
24-11-10,3.82
26-11-10,3.82
29-11-10,4.12
30-11-10,4.16
01-12-10,4.21
02-12-10,4.28
03-12-10,4.23
06-12-10,4.47
07-12-10,4.48
08-12-10,4.47
09-12-10,4.52
10-12-10,4.37
13-12-10,4.55
14-12-10,4.35
15-12-10,4.22
16-12-10,4.19
17-12-10,3.99
20-12-10,4.1
21-12-10,4.17
22-12-10,4.01
23-12-10,4.08
27-12-10,4.05
28-12-10,4.1
29-12-10,4.19
30-12-10,4.22
31-12-10,4.22
03-01-11,4.54
04-01-11,4.61
05-01-11,4.52
06-01-11,4.49
07-01-11,4.42
10-01-11,4.49
11-01-11,4.42
12-01-11,4.55
13-01-11,4.48
14-01-11,4.38
18-01-11,4.52
19-01-11,4.48
20-01-11,4.57
21-01-11,4.72
24-01-11,4.72
25-01-11,4.46
26-01-11,4.4
27-01-11,4.41
28-01-11,4.27
31-01-11,4.42
01-02-11,4.42
02-02-11,4.55
03-02-11,4.69
04-02-11,4.48
07-02-11,4.32
08-02-11,4.24
09-02-11,4.22
10-02-11,4.11
11-02-11,3.96
14-02-11,3.89
15-02-11,3.92
16-02-11,3.93
17-02-11,3.9
18-02-11,3.84
22-02-11,3.89
23-02-11,3.83
24-02-11,3.83
25-02-11,3.81
28-02-11,3.93
01-03-11,3.93
02-03-11,3.79
03-03-11,3.75
04-03-11,3.7
07-03-11,3.73
08-03-11,3.83
09-03-11,3.81
10-03-11,3.87
11-03-11,3.78
14-03-11,3.9
15-03-11,3.81
16-03-11,3.86
17-03-11,3.85
18-03-11,3.98
21-03-11,3.99
22-03-11,4.05
23-03-11,4.18
24-03-11,4.27
25-03-11,4.13
28-03-11,4.35
29-03-11,4.27
30-03-11,4.25
31-03-11,4.32
01-04-11,4.32
04-04-11,4.21
05-04-11,4.22
06-04-11,4.17
07-04-11,4.12
08-04-11,4.05
11-04-11,4.05
12-04-11,4.08
13-04-11,4.14
14-04-11,4.12
15-04-11,4.21
18-04-11,4.23
19-04-11,4.19
20-04-11,4.33
21-04-11,4.33
25-04-11,4.37
26-04-11,4.32
27-04-11,4.35
28-04-11,4.38
29-04-11,4.51
02-05-11,4.6
03-05-11,4.6
04-05-11,4.59
05-05-11,4.49
06-05-11,4.24
09-05-11,4.28
10-05-11,4.19
11-05-11,4.23
12-05-11,4.1
13-05-11,4.09
16-05-11,4.21
17-05-11,4.25
18-05-11,4.15
19-05-11,4.1
20-05-11,4.05
23-05-11,4.27
24-05-11,4.37
25-05-11,4.36
26-05-11,4.37
27-05-11,4.36
31-05-11,4.63
01-06-11,4.62
02-06-11,4.64
03-06-11,4.72
06-06-11,4.83
07-06-11,4.83
08-06-11,4.83
09-06-11,4.92
10-06-11,4.72
13-06-11,4.75
14-06-11,4.59
15-06-11,4.53
16-06-11,4.54
17-06-11,4.39
20-06-11,4.33
21-06-11,4.37
22-06-11,4.42
23-06-11,4.31
24-06-11,4.2
27-06-11,4.25
28-06-11,4.34
29-06-11,4.4
30-06-11,4.28
01-07-11,4.33
05-07-11,4.4
06-07-11,4.34
07-07-11,4.25
08-07-11,4.19
11-07-11,4.35
12-07-11,4.38
13-07-11,4.43
14-07-11,4.42
15-07-11,4.49
18-07-11,4.6
19-07-11,4.6
20-07-11,4.64
21-07-11,4.58
22-07-11,4.46
25-07-11,4.45
26-07-11,4.43
27-07-11,4.46
28-07-11,4.41
29-07-11,4.26
01-08-11,4.29
02-08-11,4.3
03-08-11,4.26
04-08-11,4.2
05-08-11,4
08-08-11,4
09-08-11,4.06
10-08-11,4.09
11-08-11,4.06
12-08-11,4.17
15-08-11,4.05
16-08-11,4.03
17-08-11,3.98
18-08-11,3.98
19-08-11,3.99
22-08-11,3.97
23-08-11,4.01
24-08-11,4.1
25-08-11,4.01
26-08-11,3.96
29-08-11,3.93
30-08-11,3.85
31-08-11,3.97
01-09-11,4.18
02-09-11,4.12
06-09-11,3.93
07-09-11,3.96
08-09-11,3.99
09-09-11,3.96
12-09-11,3.92
13-09-11,3.96
14-09-11,4.01
15-09-11,4.04
16-09-11,3.84
19-09-11,3.78
20-09-11,3.84
21-09-11,3.78
22-09-11,3.72
23-09-11,3.74
26-09-11,3.8
27-09-11,3.92
28-09-11,3.88
29-09-11,3.77
30-09-11,3.68
03-10-11,3.57
04-10-11,3.56
05-10-11,3.63
06-10-11,3.49
07-10-11,3.4
10-10-11,3.41
11-10-11,3.52
12-10-11,3.54
13-10-11,3.42
14-10-11,3.49
17-10-11,3.72
18-10-11,3.63
19-10-11,3.59
20-10-11,3.61
21-10-11,3.54
24-10-11,3.61
25-10-11,3.62
26-10-11,3.65
27-10-11,3.59
28-10-11,3.63
31-10-11,3.66
01-11-11,3.49
02-11-11,3.39
03-11-11,3.39
04-11-11,3.44
07-11-11,3.35
08-11-11,3.42
09-11-11,3.55
10-11-11,3.48
11-11-11,3.29
14-11-11,3.17
15-11-11,3.12
16-11-11,3.11
17-11-11,3.11
18-11-11,3.01
21-11-11,2.94
22-11-11,3.06
23-11-11,2.84
25-11-11,2.84
28-11-11,3.09
29-11-11,3.39
30-11-11,3.53
01-12-11,3.49
02-12-11,3.35
05-12-11,3.38
06-12-11,3.43
07-12-11,3.45
08-12-11,3.42
09-12-11,3.29
12-12-11,3.13
13-12-11,3.12
14-12-11,3.08
15-12-11,3.05
16-12-11,3.01
19-12-11,3.03
20-12-11,3.06
21-12-11,3.05
22-12-11,3.08
23-12-11,2.97
27-12-11,3.09
28-12-11,3.07
29-12-11,3.03
30-12-11,2.98
03-01-12,2.97
04-01-12,2.96
05-01-12,2.91
06-01-12,2.85
09-01-12,2.89
10-01-12,2.97
11-01-12,2.81
12-01-12,2.7
13-01-12,2.67
17-01-12,2.51
18-01-12,2.49
19-01-12,2.36
20-01-12,2.23
23-01-12,2.39
24-01-12,2.6
25-01-12,2.61
26-01-12,2.68
27-01-12,2.59
30-01-12,2.71
31-01-12,2.51
01-02-12,2.32
02-02-12,2.3
03-02-12,2.4
06-02-12,2.46
07-02-12,2.6
08-02-12,2.48
09-02-12,2.5
10-02-12,2.51
13-02-12,2.42
14-02-12,2.48
15-02-12,2.54
16-02-12,2.47
17-02-12,2.67
21-02-12,2.63
22-02-12,2.6
23-02-12,2.68
24-02-12,2.6
27-02-12,2.55
28-02-12,2.44
29-02-12,2.44
01-03-12,2.45
02-03-12,2.38
05-03-12,2.31
06-03-12,2.3
07-03-12,2.24
08-03-12,2.24
09-03-12,2.21
12-03-12,2.17
13-03-12,2.15
14-03-12,2.13
15-03-12,2.07
16-03-12,2.01
19-03-12,2.14
20-03-12,2.19
21-03-12,2.21
22-03-12,2.19
23-03-12,2.07
26-03-12,2.16
27-03-12,2.09
28-03-12,2.05
29-03-12,2.02
30-03-12,2
02-04-12,1.88
03-04-12,1.94
04-04-12,2.06
05-04-12,1.98
09-04-12,1.99
10-04-12,1.99
11-04-12,1.91
12-04-12,1.87
13-04-12,1.87
16-04-12,1.88
17-04-12,1.89
18-04-12,1.87
19-04-12,1.85
20-04-12,1.82
23-04-12,1.89
24-04-12,1.97
25-04-12,1.99
26-04-12,2.1
27-04-12,2.05
30-04-12,2.1
01-05-12,2.29
02-05-12,2.31
03-05-12,2.29
04-05-12,2.3
07-05-12,2.3
08-05-12,2.27
09-05-12,2.36
10-05-12,2.36
11-05-12,2.37
14-05-12,2.41
15-05-12,2.38
16-05-12,2.5
17-05-12,2.6
18-05-12,2.56
21-05-12,2.6
22-05-12,2.55
23-05-12,2.6
24-05-12,2.66
25-05-12,2.56
29-05-12,2.5
30-05-12,2.39
31-05-12,2.34
01-06-12,2.24
04-06-12,2.32
05-06-12,2.39
06-06-12,2.41
07-06-12,2.33
08-06-12,2.22
11-06-12,2.22
12-06-12,2.17
13-06-12,2.18
14-06-12,2.2
15-06-12,2.44
18-06-12,2.45
19-06-12,2.59
20-06-12,2.6
21-06-12,2.48
22-06-12,2.5
25-06-12,2.7
26-06-12,2.7
27-06-12,2.87
28-06-12,2.81
29-06-12,2.74
02-07-12,2.73
03-07-12,2.78
05-07-12,2.9
06-07-12,2.94
09-07-12,2.79
10-07-12,2.87
11-07-12,2.72
12-07-12,2.83
13-07-12,2.88
16-07-12,2.92
17-07-12,2.83
18-07-12,2.84
19-07-12,2.99
20-07-12,3.03
23-07-12,3.05
24-07-12,3.16
25-07-12,3.19
26-07-12,3.13
27-07-12,3.1
30-07-12,3.14
31-07-12,3.2
01-08-12,3.2
02-08-12,3.16
03-08-12,2.91
06-08-12,2.9
07-08-12,2.99
08-08-12,2.97
09-08-12,2.89
10-08-12,2.84
13-08-12,2.77
14-08-12,2.79
15-08-12,2.82
16-08-12,2.78
17-08-12,2.7
20-08-12,2.75
21-08-12,2.8
22-08-12,2.8
23-08-12,2.81
24-08-12,2.81
27-08-12,2.8
28-08-12,2.71
29-08-12,2.64
30-08-12,2.72
31-08-12,2.72
04-09-12,2.81
05-09-12,2.87
06-09-12,2.85
07-09-12,2.73
10-09-12,2.66
11-09-12,2.82
12-09-12,2.96
13-09-12,3.01
14-09-12,2.94
17-09-12,2.83
18-09-12,2.74
19-09-12,2.7
20-09-12,2.76
21-09-12,2.76
24-09-12,2.82
25-09-12,2.84
26-09-12,2.92
27-09-12,3.01
28-09-12,3.08
01-10-12,3.19
02-10-12,3.21
03-10-12,3.21
04-10-12,3.23
05-10-12,3.26
08-10-12,3.18
09-10-12,3.18
10-10-12,3.26
11-10-12,3.28
12-10-12,3.38
15-10-12,3.35
16-10-12,3.27
17-10-12,3.24
18-10-12,3.28
19-10-12,3.43
22-10-12,3.49
23-10-12,3.34
24-10-12,3.43
25-10-12,3.39
26-10-12,3.38
29-10-12,3.4
30-10-12,3.42
31-10-12,3.5
01-11-12,3.5
02-11-12,3.4
05-11-12,3.34
06-11-12,3.41
07-11-12,3.47
08-11-12,3.45
09-11-12,3.33
12-11-12,3.4
13-11-12,3.57
14-11-12,3.66
15-11-12,3.63
16-11-12,3.46
19-11-12,3.63
20-11-12,3.62
21-11-12,3.59
23-11-12,3.59
26-11-12,3.75
27-11-12,3.77
28-11-12,3.71
29-11-12,3.61
30-11-12,3.46
03-12-12,3.44
04-12-12,3.38
05-12-12,3.41
06-12-12,3.48
07-12-12,3.33
10-12-12,3.35
11-12-12,3.39
12-12-12,3.33
13-12-12,3.27
14-12-12,3.15
17-12-12,3.2
18-12-12,3.29
19-12-12,3.25
20-12-12,3.35
21-12-12,3.42
24-12-12,3.3
26-12-12,3.35
27-12-12,3.31
28-12-12,3.4
31-12-12,3.43
02-01-13,3.3
03-01-13,3.19
04-01-13,3.2
07-01-13,3.3
08-01-13,3.21
09-01-13,3.14
10-01-13,3.08
11-01-13,3.18
14-01-13,3.39
15-01-13,3.4
16-01-13,3.43
17-01-13,3.44
18-01-13,3.54
22-01-13,3.63
23-01-13,3.53
24-01-13,3.56
25-01-13,3.42
28-01-13,3.25
29-01-13,3.14
30-01-13,3.24
31-01-13,3.33
01-02-13,3.34
04-02-13,3.27
05-02-13,3.34
06-02-13,3.41
07-02-13,3.39
08-02-13,3.26
11-02-13,3.2
12-02-13,3.3
13-02-13,3.29
14-02-13,3.3
15-02-13,3.19
19-02-13,3.23
20-02-13,3.34
21-02-13,3.29
22-02-13,3.27
25-02-13,3.42
26-02-13,3.46
27-02-13,3.49
28-02-13,3.48
01-03-13,3.54
04-03-13,3.53
05-03-13,3.63
06-03-13,3.57
07-03-13,3.54
08-03-13,3.57
11-03-13,3.64
12-03-13,3.71
13-03-13,3.72
14-03-13,3.74
15-03-13,3.89
18-03-13,3.98
19-03-13,3.96
20-03-13,3.97
21-03-13,4.01
22-03-13,4.01
25-03-13,4.08
26-03-13,3.99
27-03-13,4.08
28-03-13,4.03
01-04-13,3.97
02-04-13,4.07
03-04-13,4
04-04-13,3.94
05-04-13,3.98
08-04-13,4.18
09-04-13,4.08
10-04-13,4.07
11-04-13,4.11
12-04-13,4.21
15-04-13,4.23
16-04-13,4.19
17-04-13,4.24
18-04-13,4.23
19-04-13,4.38
22-04-13,4.33
23-04-13,4.27
24-04-13,4.25
25-04-13,4.19
26-04-13,4.16
29-04-13,4.28
30-04-13,4.3
01-05-13,4.31
02-05-13,4.28
03-05-13,3.98
06-05-13,3.93
07-05-13,3.88
08-05-13,3.86
09-05-13,3.87
10-05-13,3.9
13-05-13,3.87
14-05-13,3.93
15-05-13,4.03
16-05-13,4.01
17-05-13,3.89
20-05-13,4.1
21-05-13,4.13
22-05-13,4.16
23-05-13,4.15
24-05-13,4.15
28-05-13,4.19
29-05-13,4.15
30-05-13,4.12
31-05-13,4.02
03-06-13,4
04-06-13,4
05-06-13,3.99
06-06-13,3.93
07-06-13,3.79
10-06-13,3.85
11-06-13,3.77
12-06-13,3.74
13-06-13,3.73
14-06-13,3.76
17-06-13,3.78
18-06-13,3.9
19-06-13,3.93
20-06-13,3.9
21-06-13,3.85
24-06-13,3.81
25-06-13,3.77
26-06-13,3.72
27-06-13,3.73
28-06-13,3.57
01-07-13,3.52
02-07-13,3.58
03-07-13,3.54
05-07-13,3.52
08-07-13,3.65
09-07-13,3.69
10-07-13,3.69
11-07-13,3.64
12-07-13,3.61
15-07-13,3.67
16-07-13,3.69
17-07-13,3.67
18-07-13,3.66
19-07-13,3.78
22-07-13,3.71
23-07-13,3.68
24-07-13,3.7
25-07-13,3.68
26-07-13,3.59
29-07-13,3.49
30-07-13,3.48
31-07-13,3.46
01-08-13,3.44
02-08-13,3.39
05-08-13,3.33
06-08-13,3.35
07-08-13,3.32
08-08-13,3.27
09-08-13,3.32
12-08-13,3.34
13-08-13,3.34
14-08-13,3.36
15-08-13,3.34
16-08-13,3.35
19-08-13,3.46
20-08-13,3.48
21-08-13,3.51
22-08-13,3.52
23-08-13,3.5
26-08-13,3.55
27-08-13,3.5
28-08-13,3.54
29-08-13,3.58
30-08-13,3.57
03-09-13,3.64
04-09-13,3.68
05-09-13,3.7
06-09-13,3.55
09-09-13,3.62
10-09-13,3.65
11-09-13,3.6
12-09-13,3.57
13-09-13,3.6
16-09-13,3.64
17-09-13,3.77
18-09-13,3.72
19-09-13,3.73
20-09-13,3.68
23-09-13,3.66
24-09-13,3.59
25-09-13,3.52
26-09-13,3.49
27-09-13,3.51
30-09-13,3.48
01-10-13,3.56
02-10-13,3.63
03-10-13,3.58
04-10-13,3.57
07-10-13,3.62
08-10-13,3.72
09-10-13,3.7
10-10-13,3.74
11-10-13,3.74
14-10-13,3.82
15-10-13,3.83
16-10-13,3.84
17-10-13,3.75
18-10-13,3.72
21-10-13,3.77
22-10-13,3.7
23-10-13,3.66
24-10-13,3.65
25-10-13,3.69
28-10-13,3.61
29-10-13,3.57
30-10-13,3.55
31-10-13,3.57
01-11-13,3.45
04-11-13,3.38
05-11-13,3.37
06-11-13,3.46
07-11-13,3.59
08-11-13,3.54
11-11-13,3.62
12-11-13,3.69
13-11-13,3.69
14-11-13,3.52
15-11-13,3.56
18-11-13,3.71
19-11-13,3.63
20-11-13,3.63
21-11-13,3.68
22-11-13,3.78
25-11-13,3.85
26-11-13,3.87
27-11-13,3.87
29-11-13,3.87
02-12-13,3.85
03-12-13,3.84
04-12-13,3.89
05-12-13,3.97
06-12-13,4.15
09-12-13,4.24
10-12-13,4.24
11-12-13,4.24
12-12-13,4.4
13-12-13,4.44
16-12-13,4.21
17-12-13,4.2
18-12-13,4.25
19-12-13,4.25
20-12-13,4.35
23-12-13,4.52
24-12-13,4.52
26-12-13,4.4
27-12-13,4.34
30-12-13,4.41
31-12-13,4.31
02-01-14,4.32
03-01-14,4.39
06-01-14,4.5
07-01-14,4.58
08-01-14,4.36
09-01-14,4.15
10-01-14,3.95
13-01-14,4.19
14-01-14,4.36
15-01-14,4.45
16-01-14,4.55
17-01-14,4.39
21-01-14,4.61
22-01-14,4.92
23-01-14,5.64
24-01-14,5.17
27-01-14,5.66
28-01-14,5.25
29-01-14,5.23
30-01-14,5.27
31-01-14,5.04
03-02-14,5.04
04-02-14,5.78
05-02-14,8.12
06-02-14,6.9
07-02-14,5.92
10-02-14,8.15
11-02-14,7.75
12-02-14,5.96
13-02-14,5.34
14-02-14,5.54
18-02-14,5.8
19-02-14,6
20-02-14,5.96
21-02-14,6.24
24-02-14,6.08
25-02-14,5.21
26-02-14,4.81
27-02-14,4.61
28-02-14,4.8
03-03-14,7.09
04-03-14,7.98
05-03-14,6.46
06-03-14,4.89
07-03-14,4.78
10-03-14,4.67
11-03-14,4.67
12-03-14,4.72
13-03-14,4.41
14-03-14,4.4
17-03-14,4.57
18-03-14,4.42
19-03-14,4.43
20-03-14,4.39
21-03-14,4.33
24-03-14,4.42
25-03-14,4.53
26-03-14,4.44
27-03-14,4.39
28-03-14,4.5
31-03-14,4.48
01-04-14,4.39
02-04-14,4.39
03-04-14,4.51
04-04-14,4.49
07-04-14,4.58
08-04-14,4.57
09-04-14,4.67
10-04-14,4.67
11-04-14,4.67
14-04-14,4.64
15-04-14,4.69
16-04-14,4.64
17-04-14,4.64
21-04-14,4.76
22-04-14,4.76
23-04-14,4.81
24-04-14,4.81
25-04-14,4.83
28-04-14,4.72
29-04-14,4.78
30-04-14,4.79
01-05-14,4.79
02-05-14,4.73
05-05-14,4.73
06-05-14,4.8
07-05-14,4.82
08-05-14,4.77
09-05-14,4.59
12-05-14,4.52
13-05-14,4.47
14-05-14,4.47
15-05-14,4.42
16-05-14,4.42
19-05-14,4.54
20-05-14,4.53
21-05-14,4.57
22-05-14,4.57
23-05-14,4.4
27-05-14,4.4
28-05-14,4.56
29-05-14,4.63
30-05-14,4.49
02-06-14,4.49
03-06-14,4.62
04-06-14,4.62
05-06-14,4.66
06-06-14,4.66
09-06-14,4.67
10-06-14,4.67
11-06-14,4.51
12-06-14,4.51
13-06-14,4.7
16-06-14,4.71
17-06-14,4.68
18-06-14,4.68
19-06-14,4.67
20-06-14,4.53
23-06-14,4.53
24-06-14,4.49
25-06-14,4.58
26-06-14,4.58
27-06-14,4.39
30-06-14,4.39
01-07-14,4.47
02-07-14,4.47
03-07-14,4.31
07-07-14,4.31
08-07-14,4.18
09-07-14,4.17
10-07-14,4.15
11-07-14,4.13
14-07-14,4.13
15-07-14,4.13
16-07-14,4.16
17-07-14,4.04
18-07-14,4.08
21-07-14,3.87
22-07-14,3.81
23-07-14,3.83
24-07-14,3.83
25-07-14,3.86
28-07-14,3.84
29-07-14,3.79
30-07-14,3.78
31-07-14,3.78
01-08-14,3.77
04-08-14,3.87
05-08-14,3.87
06-08-14,3.92
07-08-14,3.99
08-08-14,3.94
11-08-14,4
12-08-14,3.94
13-08-14,3.9
14-08-14,3.85
15-08-14,3.8
18-08-14,3.78
19-08-14,3.84
20-08-14,3.88
21-08-14,3.88
22-08-14,3.88
25-08-14,3.94
26-08-14,3.99
27-08-14,4.02
28-08-14,4.06
29-08-14,4.04
02-09-14,4.01
03-09-14,3.94
04-09-14,3.91
05-09-14,3.86
08-09-14,3.86
09-09-14,3.93
10-09-14,3.98
11-09-14,3.94
12-09-14,3.82
15-09-14,3.92
16-09-14,3.85
17-09-14,3.97
18-09-14,3.99
19-09-14,3.99
22-09-14,3.88
23-09-14,3.9
24-09-14,3.84
25-09-14,3.89
26-09-14,3.89
29-09-14,3.89
30-09-14,4.14
01-10-14,4.14
02-10-14,4
03-10-14,3.94
06-10-14,3.89
07-10-14,3.88
08-10-14,3.88
09-10-14,3.87
10-10-14,3.86
13-10-14,3.87
14-10-14,3.91
15-10-14,3.81
16-10-14,3.8
17-10-14,3.73
20-10-14,3.69
21-10-14,3.62
22-10-14,3.69
23-10-14,3.6
24-10-14,3.53
27-10-14,3.56
28-10-14,3.53
29-10-14,3.6
30-10-14,3.76
31-10-14,3.82
03-11-14,3.82
04-11-14,3.67
05-11-14,3.83
06-11-14,3.92
07-11-14,3.92
10-11-14,4.18
11-11-14,4.18
12-11-14,4.2
13-11-14,4.2
14-11-14,4.05
17-11-14,4.26
18-11-14,4.33
19-11-14,4.41
20-11-14,4.41
21-11-14,4.32
24-11-14,4.09
25-11-14,4.09
26-11-14,4.15
28-11-14,4.3
01-12-14,4.3
02-12-14,3.77
03-12-14,3.63
04-12-14,3.63
05-12-14,3.42
08-12-14,3.42
09-12-14,3.63
10-12-14,3.65
11-12-14,3.68
12-12-14,3.91
15-12-14,3.72
16-12-14,3.58
17-12-14,3.72
18-12-14,3.71
19-12-14,3.71
22-12-14,3.05
23-12-14,2.99
24-12-14,2.99
26-12-14,2.74
29-12-14,3.07
30-12-14,3.14
31-12-14,3.14
02-01-15,3.01
05-01-15,3.22
06-01-15,2.98
07-01-15,3.08
08-01-15,2.92
09-01-15,2.96
12-01-15,2.9
13-01-15,2.92
14-01-15,3.15
15-01-15,3.32
16-01-15,3.11
20-01-15,2.94
21-01-15,2.94
22-01-15,2.95
23-01-15,2.96
26-01-15,2.92
27-01-15,2.96
28-01-15,2.89
29-01-15,2.88
30-01-15,2.88
02-02-15,2.88
03-02-15,2.67
04-02-15,2.73
05-02-15,2.66
06-02-15,2.66
09-02-15,2.62
10-02-15,2.67
11-02-15,2.86
12-02-15,2.86
13-02-15,2.75
17-02-15,2.75
18-02-15,2.92
19-02-15,2.92
20-02-15,3.02
23-02-15,3.22
24-02-15,3.22
25-02-15,3.21
26-02-15,3.21
27-02-15,2.79
02-03-15,2.79
03-03-15,3
04-03-15,3.27
05-03-15,3.27
06-03-15,2.89
09-03-15,2.75
10-03-15,2.76
11-03-15,2.76
12-03-15,2.82
13-03-15,2.72
16-03-15,2.68
17-03-15,2.82
18-03-15,2.8
19-03-15,2.86
20-03-15,2.86
23-03-15,2.72
24-03-15,2.79
25-03-15,2.77
26-03-15,2.77
27-03-15,2.89
30-03-15,2.64
31-03-15,2.65
01-04-15,2.62
02-04-15,2.63
06-04-15,2.63
07-04-15,2.71
08-04-15,2.71
09-04-15,2.72
10-04-15,2.58
13-04-15,2.58
14-04-15,2.58
15-04-15,2.62
16-04-15,2.61
17-04-15,2.67
20-04-15,2.57
21-04-15,2.59
22-04-15,2.63
23-04-15,2.59
24-04-15,2.59
27-04-15,2.5
28-04-15,2.55
29-04-15,2.55
30-04-15,2.56
01-05-15,2.68
04-05-15,2.72
05-05-15,2.76
06-05-15,2.76
07-05-15,2.74
08-05-15,2.78
11-05-15,2.85
12-05-15,2.85
13-05-15,2.85
14-05-15,2.87
15-05-15,2.96
18-05-15,3.01
19-05-15,3.01
20-05-15,3.04
21-05-15,2.96
22-05-15,2.96
26-05-15,2.82
27-05-15,2.82
28-05-15,2.78
29-05-15,2.78
01-06-15,2.78
02-06-15,2.63
03-06-15,2.65
04-06-15,2.6
05-06-15,2.6
08-06-15,2.6
09-06-15,2.72
10-06-15,2.81
11-06-15,2.88
12-06-15,2.88
15-06-15,2.89
16-06-15,2.94
17-06-15,2.93
18-06-15,2.93
19-06-15,2.81
22-06-15,2.79
23-06-15,2.83
24-06-15,2.83
25-06-15,2.8
26-06-15,2.77
29-06-15,2.77
30-06-15,2.8
01-07-15,2.78
02-07-15,2.79
03-07-15,2.79
06-07-15,2.79
07-07-15,2.77
08-07-15,2.77
09-07-15,2.7
10-07-15,2.7
13-07-15,2.88
14-07-15,2.88
15-07-15,2.93
16-07-15,2.9
17-07-15,2.88
20-07-15,2.88
21-07-15,2.84
22-07-15,2.84
23-07-15,2.92
24-07-15,2.92
27-07-15,2.92
28-07-15,2.89
29-07-15,2.91
30-07-15,2.87
31-07-15,2.76
03-08-15,2.76
04-08-15,2.83
05-08-15,2.85
06-08-15,2.76
07-08-15,2.76
10-08-15,2.85
11-08-15,2.84
12-08-15,2.93
13-08-15,2.93
14-08-15,2.83
17-08-15,2.79
18-08-15,2.71
19-08-15,2.77
20-08-15,2.77
21-08-15,2.7
24-08-15,2.65
25-08-15,2.71
26-08-15,2.73
27-08-15,2.69
28-08-15,2.69
31-08-15,2.7
01-09-15,2.7
02-09-15,2.7
03-09-15,2.67
04-09-15,2.67
07-09-15,2.67
08-09-15,2.74
09-09-15,2.74
10-09-15,2.71
11-09-15,2.67
14-09-15,2.7
15-09-15,2.74
16-09-15,2.69
17-09-15,2.69
18-09-15,2.69
21-09-15,2.61
22-09-15,2.61
23-09-15,2.62
24-09-15,2.62
25-09-15,2.6
28-09-15,2.66
29-09-15,2.57
30-09-15,2.47
01-10-15,2.37
02-10-15,2.37
05-10-15,2.34
06-10-15,2.35
07-10-15,2.35
08-10-15,2.35
09-10-15,2.49
12-10-15,2.48
13-10-15,2.47
14-10-15,2.47
15-10-15,2.54
16-10-15,2.42
19-10-15,2.43
20-10-15,2.46
21-10-15,2.37
22-10-15,2.37
23-10-15,2.28
26-10-15,2.18
27-10-15,2.14
28-10-15,2.14
29-10-15,2.15
30-10-15,1.98
02-11-15,1.92
03-11-15,1.92
04-11-15,2.04
05-11-15,2.04
06-11-15,2.19
09-11-15,2.19
10-11-15,2.14
11-11-15,2.13
12-11-15,2.05
13-11-15,2.02
16-11-15,2.02
17-11-15,2.05
18-11-15,2.1
19-11-15,2.1
20-11-15,2.18
23-11-15,2.18
24-11-15,2.14
25-11-15,2.14
26-11-15,2.14
27-11-15,2.14
30-11-15,2.11
01-12-15,2.11
02-12-15,2.19
03-12-15,2.14
04-12-15,2.1
07-12-15,2.06
08-12-15,2.01
09-12-15,2
10-12-15,1.95
11-12-15,1.79
14-12-15,1.7
15-12-15,1.66
16-12-15,1.7
17-12-15,1.79
18-12-15,1.74
21-12-15,1.76
22-12-15,1.73
23-12-15,1.63
24-12-15,1.63
25-12-15,1.63
28-12-15,2.11
29-12-15,2.39
30-12-15,2.28
31-12-15,2.28
01-01-16,2.28
04-01-16,2.39
05-01-16,2.33
06-01-16,2.37
07-01-16,2.35
08-01-16,2.47
11-01-16,2.54
12-01-16,2.4
13-01-16,2.28
14-01-16,2.21
15-01-16,2.18
18-01-16,2.18
19-01-16,2.23
20-01-16,2.18
21-01-16,2.22
22-01-16,2.21
25-01-16,2.16
26-01-16,2.26
27-01-16,2.26
28-01-16,2.15
29-01-16,2.28
01-02-16,2.28
02-02-16,2.07
03-02-16,2.06
04-02-16,2.07
05-02-16,2.08
08-02-16,2.23
09-02-16,2.17
10-02-16,2.16
11-02-16,2.15
12-02-16,2.08
15-02-16,2.08
16-02-16,1.95
17-02-16,1.93
18-02-16,1.89
19-02-16,1.83
22-02-16,1.86
23-02-16,1.85
24-02-16,1.85
25-02-16,1.78
26-02-16,1.78
29-02-16,1.62
01-03-16,1.57
02-03-16,1.6
03-03-16,1.59
04-03-16,1.49
07-03-16,1.56
08-03-16,1.6
09-03-16,1.61
10-03-16,1.72
11-03-16,1.74
14-03-16,1.68
15-03-16,1.81
16-03-16,1.77
17-03-16,1.84
18-03-16,1.84
21-03-16,1.79
22-03-16,1.79
23-03-16,1.79
24-03-16,1.78
25-03-16,1.78
28-03-16,1.78
29-03-16,1.77
30-03-16,1.87
31-03-16,1.98
01-04-16,1.88
04-04-16,1.96
05-04-16,1.96
06-04-16,1.91
07-04-16,1.96
08-04-16,1.99
11-04-16,1.9
12-04-16,1.97
13-04-16,2.01
14-04-16,1.93
15-04-16,1.71
18-04-16,1.76
19-04-16,1.94
20-04-16,1.94
21-04-16,1.96
22-04-16,1.92
25-04-16,1.97
26-04-16,1.97
27-04-16,1.88
28-04-16,1.88
29-04-16,1.89
02-05-16,1.91
03-05-16,1.94
04-05-16,2.03
05-05-16,2.05
06-05-16,1.86
09-05-16,2.01
10-05-16,2.01
11-05-16,2.01
12-05-16,2.01
13-05-16,1.96
16-05-16,1.91
17-05-16,1.97
18-05-16,1.91
19-05-16,1.83
20-05-16,1.81
23-05-16,1.96
24-05-16,1.91
25-05-16,1.77
26-05-16,1.77
27-05-16,1.77
30-05-16,1.77
31-05-16,2.12
01-06-16,2.25
02-06-16,2.3
03-06-16,2.31
06-06-16,2.32
07-06-16,2.32
08-06-16,2.36
09-06-16,2.34
10-06-16,2.46
13-06-16,2.55
14-06-16,2.55
15-06-16,2.62
16-06-16,2.62
17-06-16,2.59
20-06-16,2.74
21-06-16,2.79
22-06-16,2.82
23-06-16,2.69
24-06-16,2.71
27-06-16,2.79
28-06-16,2.89
29-06-16,2.94
30-06-16,2.94
01-07-16,2.89
04-07-16,2.89
05-07-16,2.82
06-07-16,2.82
07-07-16,2.78
08-07-16,2.8
11-07-16,2.88
12-07-16,2.88
13-07-16,2.81
14-07-16,2.79
15-07-16,2.7
18-07-16,2.83
19-07-16,2.83
20-07-16,2.76
21-07-16,2.76
22-07-16,2.8
25-07-16,2.8
26-07-16,2.84
27-07-16,2.84
28-07-16,2.79
29-07-16,2.97
01-08-16,2.97
02-08-16,2.79
03-08-16,2.89
04-08-16,2.89
05-08-16,2.88
08-08-16,2.85
09-08-16,2.85
10-08-16,2.76
11-08-16,2.7
12-08-16,2.7
15-08-16,2.75
16-08-16,2.75
17-08-16,2.76
18-08-16,2.75
19-08-16,2.67
22-08-16,2.75
23-08-16,2.75
24-08-16,2.82
25-08-16,2.89
26-08-16,2.91
29-08-16,2.97
30-08-16,2.95
31-08-16,2.95
01-09-16,2.95
02-09-16,2.88
05-09-16,2.88
06-09-16,2.88
07-09-16,2.77
08-09-16,2.88
09-09-16,2.93
12-09-16,3.04
13-09-16,3.04
14-09-16,3.07
15-09-16,2.98
16-09-16,2.97
19-09-16,3
20-09-16,3.12
21-09-16,3.19
22-09-16,3.18
23-09-16,3.06
26-09-16,3.06
27-09-16,3.09
28-09-16,3.07
29-09-16,2.98
30-09-16,2.84
03-10-16,2.84
04-10-16,2.83
05-10-16,2.83
06-10-16,3.04
07-10-16,3.02
10-10-16,3.18
11-10-16,3.17
12-10-16,3.17
13-10-16,3.16
14-10-16,3.18
17-10-16,3.21
18-10-16,3.25
19-10-16,3.18
20-10-16,3.12
21-10-16,2.92
24-10-16,2.78
25-10-16,2.69
26-10-16,2.69
27-10-16,2.72
28-10-16,2.72
31-10-16,2.85
01-11-16,2.53
02-11-16,2.53
03-11-16,2.41
04-11-16,2.2
07-11-16,2.37
08-11-16,2.34
09-11-16,2.22
10-11-16,2.08
11-11-16,2.08
14-11-16,2.26
15-11-16,2.49
16-11-16,2.49
17-11-16,2.37
18-11-16,2.6
21-11-16,2.81
22-11-16,2.73
23-11-16,2.76
24-11-16,2.76
25-11-16,2.76
28-11-16,2.96
29-11-16,3.02
30-11-16,3.32
01-12-16,3.32
02-12-16,3.44
05-12-16,3.44
06-12-16,3.75
07-12-16,3.8
08-12-16,3.68
09-12-16,3.75
12-12-16,3.6
13-12-16,3.65
14-12-16,3.55
15-12-16,3.56
16-12-16,3.51
19-12-16,3.55
20-12-16,3.39
21-12-16,3.5
22-12-16,3.5
23-12-16,3.6
26-12-16,3.6
27-12-16,3.7
28-12-16,3.7
29-12-16,3.71
30-12-16,3.71
02-01-17,3.71
03-01-17,3.41
04-01-17,3.42
05-01-17,3.42
06-01-17,3.38
09-01-17,3.14
10-01-17,3.21
11-01-17,3.27
12-01-17,3.36
13-01-17,3.36
16-01-17,3.36
17-01-17,3.37
18-01-17,3.26
19-01-17,3.25
20-01-17,3.23
23-01-17,3.16
24-01-17,3.16
25-01-17,3.26
26-01-17,3.44
27-01-17,3.31
30-01-17,3.22
31-01-17,3
01-02-17,3.15
02-02-17,3.13
03-02-17,3.13
06-02-17,2.92
07-02-17,3.03
08-02-17,3.05
09-02-17,3.11
10-02-17,3.11
13-02-17,2.93
14-02-17,2.85
15-02-17,2.95
16-02-17,2.88
17-02-17,2.75
20-02-17,2.75
21-02-17,2.56
22-02-17,2.52
23-02-17,2.63
24-02-17,2.63
27-02-17,2.44
28-02-17,2.54
01-03-17,2.54
02-03-17,2.59
03-03-17,2.5
06-03-17,2.68
07-03-17,2.68
08-03-17,2.59
09-03-17,2.83
10-03-17,2.98
13-03-17,3.04
14-03-17,3.02
15-03-17,3.02
16-03-17,2.84
17-03-17,2.85
20-03-17,2.93
21-03-17,3.09
22-03-17,3.02
23-03-17,2.93
24-03-17,2.97
27-03-17,2.94
28-03-17,2.95
29-03-17,3.03
30-03-17,3.08
31-03-17,3.13
03-04-17,3.13
04-04-17,3.06
05-04-17,3.22
06-04-17,3.23
07-04-17,3.23
10-04-17,3.15
11-04-17,3.11
12-04-17,2.97
13-04-17,3
14-04-17,3
17-04-17,3.09
18-04-17,3.11
19-04-17,3.11
20-04-17,3.13
21-04-17,3.06
24-04-17,3.06
25-04-17,2.99
26-04-17,3.06
27-04-17,3.13
28-04-17,3.2
01-05-17,3.2
02-05-17,3.13
03-05-17,3.14
04-05-17,3.11
05-05-17,3.1
08-05-17,3.06
09-05-17,3.03
10-05-17,3.03
11-05-17,3.23
12-05-17,3.24
15-05-17,3.26
16-05-17,3.27
17-05-17,3.27
18-05-17,3.13
19-05-17,3.11
22-05-17,3.24
23-05-17,3.22
24-05-17,3.22
25-05-17,3.1
26-05-17,3.1
29-05-17,3.1
30-05-17,3.1
31-05-17,3.05
01-06-17,3.05
02-06-17,2.85
05-06-17,2.92
06-06-17,2.92
07-06-17,3.06
08-06-17,2.98
09-06-17,3.03
12-06-17,3.12
13-06-17,3.12
14-06-17,2.95
15-06-17,2.94
16-06-17,3.01
19-06-17,2.87
20-06-17,2.91
21-06-17,2.91
22-06-17,2.88
23-06-17,2.89
26-06-17,2.98
27-06-17,2.99
28-06-17,3.03
29-06-17,3.07
30-06-17,2.98
03-07-17,2.98
04-07-17,2.98
05-07-17,2.98
06-07-17,2.89
07-07-17,2.91
10-07-17,2.92
11-07-17,2.98
12-07-17,3.01
13-07-17,2.96
14-07-17,2.94
17-07-17,3.04
18-07-17,3.11
19-07-17,3.11
20-07-17,3.12
21-07-17,3.06
24-07-17,2.99
25-07-17,2.99
26-07-17,2.92
27-07-17,2.95
28-07-17,2.96
31-07-17,2.87
01-08-17,2.8
02-08-17,2.8
03-08-17,2.76
04-08-17,2.76
07-08-17,2.8
08-08-17,2.81
09-08-17,2.81
10-08-17,2.89
11-08-17,2.96
14-08-17,3.02
15-08-17,2.96
16-08-17,2.94
17-08-17,2.91
18-08-17,2.9
21-08-17,3
22-08-17,3
23-08-17,2.94
24-08-17,2.97
25-08-17,2.93
28-08-17,2.95
29-08-17,2.95
30-08-17,2.95
31-08-17,2.92
01-09-17,2.88
04-09-17,2.88
05-09-17,2.88
06-09-17,2.98
07-09-17,2.92
08-09-17,2.88
11-09-17,2.88
12-09-17,2.88
13-09-17,3.02
14-09-17,3.03
15-09-17,3
18-09-17,3.11
19-09-17,3.18
20-09-17,3.13
21-09-17,3.11
22-09-17,2.93
25-09-17,2.96
26-09-17,2.96
27-09-17,2.98
28-09-17,2.96
29-09-17,2.94
02-10-17,2.94
03-10-17,2.73
04-10-17,2.8
05-10-17,2.8
06-10-17,2.93
09-10-17,2.87
10-10-17,2.89
11-10-17,2.89
12-10-17,2.95
13-10-17,2.99
16-10-17,2.87
17-10-17,2.88
18-10-17,2.81
19-10-17,2.83
20-10-17,2.8
23-10-17,2.95
24-10-17,2.95
25-10-17,2.98
26-10-17,2.91
27-10-17,2.78
30-10-17,2.94
31-10-17,2.84
01-11-17,2.68
02-11-17,2.68
03-11-17,2.75
06-11-17,3.01
07-11-17,3.07
08-11-17,3.16
09-11-17,3.18
10-11-17,3.17
13-11-17,3.13
14-11-17,3.06
15-11-17,3.16
16-11-17,3.09
17-11-17,3.04
20-11-17,3.04
21-11-17,3.05
22-11-17,3.05
23-11-17,3.05
24-11-17,3.05
27-11-17,2.88
28-11-17,2.88
29-11-17,3.06
30-11-17,3.06
01-12-17,2.84
04-12-17,2.91
05-12-17,2.86
06-12-17,2.86
07-12-17,2.81
08-12-17,2.78
11-12-17,2.81
12-12-17,2.87
13-12-17,2.87
14-12-17,2.69
15-12-17,2.6
18-12-17,2.71
19-12-17,2.75
20-12-17,2.72
21-12-17,2.64
22-12-17,2.63
26-12-17,2.68
27-12-17,2.76
28-12-17,2.97
29-12-17,3.69
02-01-18,6.24
03-01-18,6.24
04-01-18,4.65
05-01-18,
08-01-18,2.89
09-01-18,2.93
10-01-18,3.16
11-01-18,3.16
12-01-18,4.06
16-01-18,5.46
17-01-18,3.92
18-01-18,3.92
19-01-18,3.2
22-01-18,3.13
23-01-18,3.35
24-01-18,3.54
25-01-18,3.54
26-01-18,3.58
29-01-18,3.6
30-01-18,3.6
31-01-18,3.34
01-02-18,3.06
02-02-18,2.91
05-02-18,2.85
06-02-18,2.75
07-02-18,2.74
08-02-18,2.74
09-02-18,2.66
12-02-18,2.6
13-02-18,2.58
14-02-18,2.53
15-02-18,2.49
16-02-18,2.49
20-02-18,2.61
21-02-18,2.65
22-02-18,2.65
23-02-18,2.58
26-02-18,2.6
27-02-18,2.59
28-02-18,2.66
01-03-18,2.67
02-03-18,2.67
05-03-18,2.7
06-03-18,2.7
07-03-18,2.8
08-03-18,2.8
09-03-18,2.71
12-03-18,2.78
13-03-18,2.76
14-03-18,2.69
15-03-18,2.7
16-03-18,2.62
19-03-18,2.62
20-03-18,2.71
21-03-18,2.74
22-03-18,2.62
23-03-18,2.58
26-03-18,2.63
27-03-18,2.6
28-03-18,2.64
29-03-18,2.81
02-04-18,2.75
03-04-18,2.75
04-04-18,2.81
05-04-18,2.81
06-04-18,2.81
09-04-18,2.78
10-04-18,2.78
11-04-18,2.74
12-04-18,2.76
13-04-18,2.82
16-04-18,2.88
17-04-18,2.84
18-04-18,2.85
19-04-18,2.8
20-04-18,2.78
23-04-18,2.78
24-04-18,2.79
25-04-18,2.81
26-04-18,2.81
27-04-18,2.82
30-04-18,2.75
01-05-18,2.75
02-05-18,2.77
03-05-18,2.75
04-05-18,2.75
07-05-18,2.74
08-05-18,2.77
09-05-18,2.75
10-05-18,2.78
11-05-18,2.75
14-05-18,2.84
15-05-18,2.83
16-05-18,2.85
17-05-18,2.75
18-05-18,2.75
21-05-18,2.77
22-05-18,2.76
23-05-18,2.89
24-05-18,2.88
25-05-18,2.88
29-05-18,2.84
30-05-18,2.83
31-05-18,2.94
01-06-18,2.91
04-06-18,2.89
05-06-18,2.89
06-06-18,2.89
07-06-18,3.02
08-06-18,2.91
11-06-18,3
12-06-18,2.98
13-06-18,2.98
14-06-18,2.99
15-06-18,3.02
18-06-18,2.99
19-06-18,2.95
20-06-18,2.96
21-06-18,3.08
22-06-18,2.95
25-06-18,2.96
26-06-18,2.98
27-06-18,3.01
28-06-18,2.99
29-06-18,2.96
02-07-18,2.9
03-07-18,2.9
05-07-18,2.91
06-07-18,2.91
09-07-18,2.9
10-07-18,2.9
11-07-18,2.89
12-07-18,2.89
13-07-18,2.86
16-07-18,2.76
17-07-18,2.81
18-07-18,2.8
19-07-18,2.75
20-07-18,2.79
23-07-18,2.79
24-07-18,2.73
25-07-18,2.82
26-07-18,2.82
27-07-18,2.78
30-07-18,2.75
31-07-18,2.82
01-08-18,2.8
02-08-18,2.77
03-08-18,2.86
06-08-18,2.85
07-08-18,2.95
08-08-18,2.99
09-08-18,3.02
10-08-18,2.96
13-08-18,2.92
14-08-18,3.02
15-08-18,3.02
16-08-18,3.02
17-08-18,3.01
20-08-18,3.04
21-08-18,3.01
22-08-18,3.02
23-08-18,3.01
24-08-18,2.99
27-08-18,2.98
28-08-18,2.98
29-08-18,2.96
30-08-18,2.96
31-08-18,2.98
04-09-18,2.96
05-09-18,3
06-09-18,2.93
07-09-18,2.88
10-09-18,2.9
11-09-18,2.94
12-09-18,2.98
13-09-18,2.94
14-09-18,2.91
17-09-18,2.95
18-09-18,3
19-09-18,3.11
20-09-18,3.07
21-09-18,3.02
24-09-18,3.04
25-09-18,3.12
26-09-18,3.1
27-09-18,3.05
28-09-18,3.01
01-10-18,3.13
02-10-18,3.14
03-10-18,3.26
04-10-18,3.39
05-10-18,3.25
08-10-18,3.28
09-10-18,3.4
10-10-18,3.45
11-10-18,3.16
12-10-18,3.19
15-10-18,3.26
16-10-18,3.27
17-10-18,3.3
18-10-18,3.28
19-10-18,3.2
22-10-18,3.2
23-10-18,3.28
24-10-18,3.42
25-10-18,3.42
26-10-18,3.27
29-10-18,3.2
30-10-18,3.27
31-10-18,3.31
01-11-18,3.36
02-11-18,3.26
05-11-18,3.53
06-11-18,3.53
07-11-18,3.54
08-11-18,3.54
09-11-18,3.74
12-11-18,3.96
13-11-18,4.1
14-11-18,4.1
15-11-18,4.69
16-11-18,4.3
19-11-18,4.65
20-11-18,4.65
21-11-18,4.7
26-11-18,4.28
27-11-18,4.28
28-11-18,4.5
29-11-18,4.5
30-11-18,4.61
03-12-18,4.4
04-12-18,4.4
05-12-18,4.69
06-12-18,4.44
07-12-18,4.51
10-12-18,4.54
11-12-18,4.53
12-12-18,4.53
13-12-18,4.31
14-12-18,3.99
17-12-18,3.8
18-12-18,3.8
19-12-18,3.64
20-12-18,3.7
21-12-18,3.7
26-12-18,3.42
27-12-18,3.1
28-12-18,3.25
02-01-19,3.25
03-01-19,2.72
04-01-19,2.8
07-01-19,2.74
08-01-19,2.89
09-01-19,2.92
10-01-19,2.95
11-01-19,2.95
14-01-19,3.36
15-01-19,3.54
16-01-19,3.58
17-01-19,3.58
18-01-19,3.43
22-01-19,3.43
23-01-19,3.13
24-01-19,3.13
25-01-19,3.07
28-01-19,3.05
29-01-19,2.94
30-01-19,3
31-01-19,2.82
01-02-19,2.7
04-02-19,2.57
05-02-19,2.54
06-02-19,2.58
07-02-19,2.62
08-02-19,2.66
11-02-19,2.76
12-02-19,2.71
13-02-19,2.61
14-02-19,2.61
15-02-19,2.59
19-02-19,2.69
20-02-19,2.69
21-02-19,2.73
22-02-19,2.74
25-02-19,2.84
26-02-19,2.74
27-02-19,2.89
28-02-19,2.89
01-03-19,3.19
04-03-19,4.25
05-03-19,3.18
06-03-19,3.18
07-03-19,2.9
08-03-19,2.9
11-03-19,2.86
12-03-19,2.83
13-03-19,2.87
14-03-19,2.95
15-03-19,2.95
18-03-19,2.9
19-03-19,2.92
20-03-19,2.86
21-03-19,2.86
22-03-19,2.75
25-03-19,2.72
26-03-19,2.74
27-03-19,2.69
28-03-19,2.69
29-03-19,2.73
01-04-19,2.73
02-04-19,2.76
03-04-19,2.74
04-04-19,2.66
05-04-19,2.62
08-04-19,2.72
09-04-19,2.71
10-04-19,2.72
11-04-19,2.72
12-04-19,2.75
15-04-19,2.75
16-04-19,2.66
17-04-19,2.55
18-04-19,2.54
22-04-19,2.61
23-04-19,2.53
24-04-19,2.53
25-04-19,2.54
26-04-19,2.58
29-04-19,2.58
30-04-19,2.59
01-05-19,2.59
02-05-19,2.63
03-05-19,2.59
06-05-19,2.54
07-05-19,2.54
08-05-19,2.64
09-05-19,2.62
10-05-19,2.64
13-05-19,2.71
14-05-19,2.7
15-05-19,2.69
16-05-19,2.62
17-05-19,2.61
20-05-19,2.7
21-05-19,2.73
22-05-19,2.73
23-05-19,2.56
24-05-19,2.6
28-05-19,2.65
29-05-19,2.69
30-05-19,2.69
31-05-19,2.59
03-06-19,2.5
04-06-19,2.45
05-06-19,2.45
06-06-19,2.4
07-06-19,2.43
10-06-19,2.42
11-06-19,2.41
12-06-19,2.43
13-06-19,2.43
14-06-19,2.37
17-06-19,2.46
18-06-19,2.44
19-06-19,2.43
20-06-19,2.38
21-06-19,2.27
24-06-19,2.31
25-06-19,2.31
26-06-19,2.34
27-06-19,2.32
28-06-19,2.42
01-07-19,2.33
02-07-19,2.3
03-07-19,2.29
08-07-19,2.39
09-07-19,2.41
10-07-19,2.49
11-07-19,2.54
12-07-19,2.54
15-07-19,2.53
16-07-19,2.53
17-07-19,2.44
18-07-19,2.38
19-07-19,2.3
22-07-19,2.33
23-07-19,2.34
24-07-19,2.33
25-07-19,2.26
26-07-19,2.23
29-07-19,2.23
30-07-19,2.22
31-07-19,2.28
01-08-19,2.36
02-08-19,2.12
05-08-19,2.02
06-08-19,2.15
07-08-19,2.18
08-08-19,2.13
09-08-19,2.09
12-08-19,2.21
13-08-19,2.24
14-08-19,2.22
15-08-19,2.19
16-08-19,2.2
19-08-19,2.26
20-08-19,2.35
21-08-19,2.31
22-08-19,2.28
23-08-19,2.15
26-08-19,2.23
27-08-19,2.24
28-08-19,2.24
29-08-19,2.36
30-08-19,2.33
03-09-19,2.39
04-09-19,2.48
05-09-19,2.49
06-09-19,2.49
09-09-19,2.65
10-09-19,2.67
11-09-19,2.63
12-09-19,2.62
13-09-19,2.61
16-09-19,2.75
17-09-19,2.7
18-09-19,2.72
19-09-19,2.65
20-09-19,2.34
23-09-19,2.55
24-09-19,2.55
25-09-19,2.54
26-09-19,2.57
27-09-19,2.41
30-09-19,2.37
01-10-19,2.36
02-10-19,2.36
03-10-19,2.31
04-10-19,2.25
07-10-19,2.36
08-10-19,2.29
09-10-19,2.26
10-10-19,2.26
11-10-19,2.13
14-10-19,2.13
15-10-19,2.29
16-10-19,2.44
17-10-19,2.29
18-10-19,2.08
21-10-19,2.13
22-10-19,2.21
23-10-19,2.34
24-10-19,2.33
25-10-19,2.26
28-10-19,2.49
29-10-19,2.61
30-10-19,2.71
31-10-19,2.73
01-11-19,2.54
04-11-19,2.77
05-11-19,2.77
06-11-19,2.82
07-11-19,2.84
08-11-19,2.87
12-11-19,2.72
13-11-19,2.66
14-11-19,2.68
15-11-19,2.7
18-11-19,2.64
19-11-19,2.53
20-11-19,2.56
21-11-19,2.53
22-11-19,2.62
25-11-19,2.51
26-11-19,2.51
27-11-19,2.46
29-11-19,2.46
02-12-19,2.29
03-12-19,2.42
04-12-19,2.43
05-12-19,2.42
06-12-19,2.31
09-12-19,2.17
10-12-19,2.18
11-12-19,2.28
12-12-19,2.28
13-12-19,2.28
16-12-19,2.34
17-12-19,2.3
18-12-19,2.26
19-12-19,2.21
20-12-19,2.27
23-12-19,2.17
24-12-19,2.11
26-12-19,2.09
27-12-19,1.75
30-12-19,2.06
31-12-19,2.09
02-01-20,2.05
03-01-20,2.06
06-01-20,2.1
07-01-20,2.17
08-01-20,2.09
09-01-20,2.05
10-01-20,2.05
13-01-20,2.03
14-01-20,2.15
15-01-20,2.01
16-01-20,2.06
17-01-20,2.07
21-01-20,1.98
22-01-20,1.89
23-01-20,1.95
24-01-20,1.91
27-01-20,2.03
28-01-20,1.96
29-01-20,1.93
30-01-20,1.94
31-01-20,1.91
03-02-20,1.9
04-02-20,1.89
05-02-20,1.89
06-02-20,1.86
07-02-20,1.93
10-02-20,1.85
11-02-20,1.85
12-02-20,1.91
13-02-20,1.95
14-02-20,1.93
18-02-20,2.04
19-02-20,2.01
20-02-20,1.98
21-02-20,1.96
24-02-20,1.94
25-02-20,1.93
26-02-20,1.96
27-02-20,1.78
28-02-20,1.79
01-03-20,1.79
02-03-20,1.75
03-03-20,1.78
04-03-20,1.83
05-03-20,1.89
06-03-20,1.76
08-03-20,1.76
09-03-20,1.74
10-03-20,1.91
11-03-20,1.96
12-03-20,1.82
13-03-20,1.94
15-03-20,1.94
16-03-20,1.89
17-03-20,1.89
18-03-20,1.73
19-03-20,1.68
20-03-20,1.76
22-03-20,1.76
23-03-20,1.7
24-03-20,1.73
25-03-20,1.8
26-03-20,1.73
27-03-20,1.7
29-03-20,1.7
30-03-20,1.65
31-03-20,1.71
01-04-20,1.69
02-04-20,1.55
03-04-20,1.5
06-04-20,1.64
07-04-20,1.83
08-04-20,1.86
09-04-20,1.74
13-04-20,1.86
14-04-20,1.76
15-04-20,1.68
16-04-20,1.59
17-04-20,1.71
20-04-20,1.78
21-04-20,1.92
22-04-20,1.9
23-04-20,1.86
24-04-20,1.81
27-04-20,1.68
28-04-20,1.8
29-04-20,1.73
30-04-20,1.63
01-05-20,1.69
04-05-20,1.78
05-05-20,1.93
06-05-20,1.9
07-05-20,1.84
08-05-20,1.74
11-05-20,1.7
12-05-20,1.61
13-05-20,1.56
14-05-20,1.6
15-05-20,1.66
18-05-20,1.77
19-05-20,1.85
20-05-20,1.83
21-05-20,1.75
22-05-20,1.7
26-05-20,1.79
27-05-20,1.78
28-05-20,1.79
29-05-20,1.7
01-06-20,1.59
02-06-20,1.58
03-06-20,1.84
04-06-20,1.68
05-06-20,1.8
08-06-20,1.68
09-06-20,1.68
10-06-20,1.72
11-06-20,1.77
12-06-20,1.67
15-06-20,1.64
16-06-20,1.43
17-06-20,1.55
18-06-20,1.51
19-06-20,1.49
22-06-20,1.64
23-06-20,1.61
24-06-20,1.64
25-06-20,1.53
26-06-20,1.42
29-06-20,1.67
30-06-20,1.76
01-07-20,1.69
06-07-20,1.71
07-07-20,1.76
08-07-20,1.78
09-07-20,1.88
10-07-20,1.79
13-07-20,1.75
14-07-20,1.74
15-07-20,1.76
16-07-20,1.79
17-07-20,1.79
20-07-20,1.71
21-07-20,1.66
22-07-20,1.69
23-07-20,1.75
24-07-20,1.77
27-07-20,1.85
28-07-20,1.83
29-07-20,1.77
30-07-20,1.81
31-07-20,1.83
03-08-20,1.95
04-08-20,2.07
05-08-20,2.23
06-08-20,2.26
07-08-20,2.15
10-08-20,2.18
11-08-20,2.19
12-08-20,2.05
13-08-20,2.19
14-08-20,2.23
17-08-20,2.32
18-08-20,2.45
19-08-20,2.43
20-08-20,2.35
21-08-20,2.39
24-08-20,2.57
25-08-20,2.54
26-08-20,2.52
27-08-20,2.52
28-08-20,2.46
31-08-20,2.3
01-09-20,2.22
02-09-20,2.15
03-09-20,2.32
04-09-20,1.8
08-09-20,2.35
09-09-20,2.21
10-09-20,2.13
11-09-20,1.93
14-09-20,2.18
15-09-20,2.19
16-09-20,2.06
17-09-20,1.65
18-09-20,1.56
21-09-20,1.33
22-09-20,1.49
23-09-20,1.74
24-09-20,1.93
25-09-20,1.9
28-09-20,1.83
29-09-20,1.74
30-09-20,1.66
01-10-20,1.6
02-10-20,1.41
05-10-20,1.92
06-10-20,1.86
07-10-20,2.01
08-10-20,1.49
09-10-20,2.25
12-10-20,2.31
13-10-20,2.14
14-10-20,2.02
15-10-20,2.23
16-10-20,2.16
19-10-20,2.3
20-10-20,2.57
21-10-20,2.95
22-10-20,2.99
23-10-20,2.91
26-10-20,3.14
27-10-20,3.07
28-10-20,3.14
29-10-20,3.06
30-10-20,3.03
02-11-20,3.03
03-11-20,2.88
04-11-20,2.63
05-11-20,2.69
06-11-20,2.67
09-11-20,2.63
10-11-20,2.74
11-11-20,2.75
12-11-20,2.81
13-11-20,2.82
16-11-20,2.62
17-11-20,2.55
18-11-20,2.37
19-11-20,2.19
20-11-20,2.22
23-11-20,2.23
24-11-20,2.47
25-11-20,2.47
30-11-20,2.89
01-12-20,2.89
02-12-20,2.75
03-12-20,2.46
04-12-20,2.48
07-12-20,2.39
08-12-20,2.36
09-12-20,2.45
10-12-20,2.45
11-12-20,2.54
14-12-20,2.69
15-12-20,2.63
16-12-20,2.73
17-12-20,2.7
18-12-20,2.73
21-12-20,2.68
22-12-20,2.76
23-12-20,2.76
24-12-20,2.68
28-12-20,2.39
29-12-20,2.4
30-12-20,2.36
04-01-21,2.6
05-01-21,2.77
06-01-21,2.76
07-01-21,2.81
08-01-21,2.77
11-01-21,2.71
12-01-21,2.89
13-01-21,2.82
14-01-21,2.82
15-01-21,2.86
19-01-21,2.65
20-01-21,2.57
21-01-21,2.49
22-01-21,2.45
25-01-21,2.63
26-01-21,2.73
27-01-21,2.77
28-01-21,2.76
29-01-21,2.68
01-02-21,2.88
02-02-21,3.24
03-02-21,3.01
04-02-21,2.99
05-02-21,3.49
08-02-21,3.4
09-02-21,3.35
10-02-21,3.76
11-02-21,6.5
12-02-21,6.12
16-02-21,11.32
17-02-21,23.86
18-02-21,8.56
19-02-21,4.96
22-02-21,3.16
23-02-21,2.94
24-02-21,2.8
25-02-21,2.72
26-02-21,2.66
01-03-21,2.7
02-03-21,2.87
03-03-21,2.86
04-03-21,2.79
05-03-21,2.72
08-03-21,2.67
09-03-21,2.62
10-03-21,2.62
11-03-21,2.7
12-03-21,2.65
15-03-21,2.58
16-03-21,2.5
17-03-21,2.6
18-03-21,2.45
19-03-21,2.53
22-03-21,2.55
23-03-21,2.56
24-03-21,2.56
25-03-21,2.52
26-03-21,2.52
29-03-21,2.58
30-03-21,2.55
31-03-21,2.52
01-04-21,2.52
05-04-21,2.43
06-04-21,2.44
07-04-21,2.43
08-04-21,2.47
09-04-21,2.48
12-04-21,2.5
13-04-21,2.57
14-04-21,2.65
15-04-21,2.62
16-04-21,2.63
19-04-21,2.75
20-04-21,2.76
21-04-21,2.72
22-04-21,2.77
23-04-21,2.79
26-04-21,2.73
27-04-21,2.91
28-04-21,2.98
29-04-21,2.91
30-04-21,2.86
03-05-21,2.96
04-05-21,3
05-05-21,2.99
06-05-21,2.9
07-05-21,2.9
10-05-21,2.93
11-05-21,2.91
12-05-21,2.91
13-05-21,2.95
14-05-21,2.95
17-05-21,2.99
18-05-21,2.96
19-05-21,2.88
20-05-21,2.86
21-05-21,2.84
24-05-21,2.78
25-05-21,2.87
26-05-21,2.91
27-05-21,2.85
28-05-21,2.91
01-06-21,3.02
02-06-21,3.09
03-06-21,3.01
04-06-21,3.01
07-06-21,2.98
08-06-21,3.11
09-06-21,3.13
10-06-21,3.13
11-06-21,3.23
14-06-21,3.36
15-06-21,3.31
16-06-21,3.25
17-06-21,3.24
18-06-21,3.23
21-06-21,3.15
22-06-21,3.21
23-06-21,3.36
24-06-21,3.3
25-06-21,3.4
28-06-21,3.62
29-06-21,3.75
30-06-21,3.79
01-07-21,3.76
02-07-21,3.67
06-07-21,3.68
07-07-21,3.66
08-07-21,3.56
09-07-21,3.71
12-07-21,3.7
13-07-21,3.78
14-07-21,3.8
15-07-21,3.68
16-07-21,3.7
19-07-21,3.75
20-07-21,3.82
21-07-21,3.94
22-07-21,4.02
23-07-21,4.11
26-07-21,4.09
27-07-21,4.15
28-07-21,4.1
29-07-21,4.03
30-07-21,3.94
02-08-21,4.02
03-08-21,4.06
04-08-21,4.2
05-08-21,4.27
06-08-21,4.21
09-08-21,4.24
10-08-21,4.12
11-08-21,4.07
12-08-21,4.1
13-08-21,3.95
16-08-21,3.93
17-08-21,3.92
18-08-21,3.86
19-08-21,3.83
20-08-21,3.94
23-08-21,3.93
24-08-21,3.95
25-08-21,4.03
26-08-21,4.07
27-08-21,4.35
30-08-21,4.25
31-08-21,4.33
01-09-21,4.45
02-09-21,4.65
03-09-21,4.77
07-09-21,4.71
08-09-21,4.66
09-09-21,4.97
10-09-21,5.13
13-09-21,5.21
14-09-21,5.39
15-09-21,5.66
16-09-21,5.52
17-09-21,5.32
20-09-21,5.25
21-09-21,4.96
22-09-21,4.92
23-09-21,4.94
24-09-21,5.1
27-09-21,5.53
28-09-21,5.94
29-09-21,5.73
30-09-21,5.58
01-10-21,5.61
04-10-21,5.8
05-10-21,6.37
06-10-21,6
07-10-21,5.71
08-10-21,5.46
11-10-21,5.46
12-10-21,5.34
13-10-21,5.56
14-10-21,5.92
15-10-21,5.44
18-10-21,5.01
19-10-21,4.81
20-10-21,4.87
21-10-21,4.94
22-10-21,5.1
25-10-21,5.72
26-10-21,5.59
27-10-21,5.91
28-10-21,5.68
29-10-21,5.49
01-11-21,5.22
02-11-21,5.33
03-11-21,5.59
04-11-21,5.73
05-11-21,5.51
08-11-21,5.53
09-11-21,5.08
10-11-21,4.56
11-11-21,4.81
12-11-21,4.97
15-11-21,4.77
16-11-21,5.11
17-11-21,4.82
18-11-21,4.95
19-11-21,4.9
22-11-21,4.83
23-11-21,4.95
24-11-21,4.93
29-11-21,4.9
30-11-21,4.52
01-12-21,4.31
02-12-21,4.08
03-12-21,3.79
06-12-21,3.66
07-12-21,3.6
08-12-21,3.79
09-12-21,3.67
10-12-21,3.65
13-12-21,4.05
14-12-21,3.71
15-12-21,3.79
16-12-21,3.67
17-12-21,3.71
20-12-21,3.91
21-12-21,3.96
22-12-21,3.95
23-12-21,3.56
27-12-21,3.45
28-12-21,3.32
29-12-21,3.4
30-12-21,3.82
31-12-21,3.82
03-01-22,3.74
04-01-22,3.73
05-01-22,3.78
06-01-22,3.94
07-01-22,3.83
10-01-22,4.16
11-01-22,4.16
12-01-22,4.62
13-01-22,4.78
14-01-22,4.37
18-01-22,4.55
19-01-22,4.89
20-01-22,4.45
21-01-22,4.11
24-01-22,4.2
25-01-22,4.24
26-01-22,4.43
27-01-22,4.43
28-01-22,5.69
31-01-22,5.56
01-02-22,5.45
02-02-22,6.7
03-02-22,5.84
04-02-22,5.34
07-02-22,4.44
08-02-22,4.3
09-02-22,4.13
10-02-22,4.03
11-02-22,4.04
14-02-22,4.05
15-02-22,4.31
16-02-22,4.39
17-02-22,4.57
18-02-22,4.61
22-02-22,4.48
23-02-22,4.59
24-02-22,4.78
25-02-22,4.63
28-02-22,4.46
01-03-22,4.36
02-03-22,4.65
03-03-22,4.63
04-03-22,4.74
07-03-22,4.93
08-03-22,4.61
09-03-22,4.55
10-03-22,4.65
11-03-22,4.79
14-03-22,4.59
15-03-22,4.46
16-03-22,4.68
17-03-22,4.8
18-03-22,4.87
21-03-22,4.77
22-03-22,5
23-03-22,5.26
24-03-22,5.19
25-03-22,5.51
28-03-22,5.52
29-03-22,5.32
30-03-22,5.32
31-03-22,5.46
01-04-22,5.43
04-04-22,5.72
05-04-22,5.95
06-04-22,6.29
07-04-22,6.05
08-04-22,6.38
11-04-22,6.35
12-04-22,6.59
13-04-22,6.68
14-04-22,6.94
18-04-22,7.48
19-04-22,7.44
20-04-22,7.12
21-04-22,6.88
22-04-22,6.59
25-04-22,6.42
26-04-22,6.89
27-04-22,6.91
28-04-22,6.97
29-04-22,6.84
02-05-22,7.3
03-05-22,7.84
04-05-22,8.3
05-05-22,8.42
06-05-22,8.35
09-05-22,8.06
10-05-22,6.78
11-05-22,7.53
12-05-22,7.25
13-05-22,7.75
16-05-22,8.07
17-05-22,8.26
18-05-22,8.53
19-05-22,8.21
20-05-22,7.97
23-05-22,8.16
24-05-22,8.87
25-05-22,9.44
26-05-22,9.19
27-05-22,8.3
31-05-22,8.46
01-06-22,8.47
02-06-22,8.9
03-06-22,8.34
06-06-22,9.08
07-06-22,9.28
08-06-22,9.43
09-06-22,8.16
10-06-22,8.78
13-06-22,9
14-06-22,7.68
15-06-22,7.72
16-06-22,7.88
17-06-22,7.37
21-06-22,6.6
22-06-22,6.76
23-06-22,6.54
24-06-22,5.8
27-06-22,6.09
28-06-22,6.66
29-06-22,6.69
30-06-22,6.54
01-07-22,5.75
05-07-22,5.72
06-07-22,5.65
07-07-22,5.83
08-07-22,6.4
11-07-22,6.82
12-07-22,6.81
13-07-22,6.68
14-07-22,6.9
15-07-22,6.6
18-07-22,7.65
19-07-22,7.35
20-07-22,7.58
21-07-22,7.99
22-07-22,8.25
25-07-22,8.52
26-07-22,9.46
27-07-22,8.65
28-07-22,8.75
29-07-22,8.33
01-08-22,8.2
02-08-22,8.01
03-08-22,7.81
04-08-22,8.4
05-08-22,8.3
08-08-22,7.76
09-08-22,7.87
10-08-22,7.86
11-08-22,8.53
12-08-22,8.73
15-08-22,8.62
16-08-22,9.28
17-08-22,9.51
18-08-22,9.42
19-08-22,9.14
22-08-22,9.85
23-08-22,9.75
24-08-22,9.27
25-08-22,9.47
26-08-22,9.48
29-08-22,9.24
30-08-22,9.1
31-08-22,8.93
01-09-22,9.38
02-09-22,9.18
06-09-22,8.52
07-09-22,8.12
08-09-22,8.27
09-09-22,8.31
12-09-22,8.2
13-09-22,8.49
14-09-22,8.7
15-09-22,8.6
16-09-22,8.11
19-09-22,7.96
20-09-22,8.01
21-09-22,7.99
22-09-22,7.76
23-09-22,6.75
26-09-22,6.75
27-09-22,6.83
28-09-22,6.59
29-09-22,6.57
30-09-22,6.4
03-10-22,5.64
04-10-22,5.4
05-10-22,5.84
06-10-22,6.91
07-10-22,6.25
11-10-22,6.2
12-10-22,6.6
13-10-22,6.25
14-10-22,6.1
17-10-22,6.08
18-10-22,6.16
19-10-22,5.63
20-10-22,5.1
21-10-22,4.45
24-10-22,4.81
25-10-22,5.17
26-10-22,5.28
27-10-22,5.3
28-10-22,5.02
31-10-22,5.02
01-11-22,4.57
02-11-22,4.58
03-11-22,4.65
04-11-22,4
07-11-22,4.62
08-11-22,4
09-11-22,3.46
10-11-22,4.8
11-11-22,4.8
14-11-22,6.24
15-11-22,5.9
16-11-22,5.88
17-11-22,6.2
18-11-22,6.1
21-11-22,6.23
22-11-22,6.27
23-11-22,6.57
25-11-22,6.57
28-11-22,6
29-11-22,6.03
30-11-22,7
01-12-22,6.33
02-12-22,4.92
05-12-22,4.15
06-12-22,4.58
07-12-22,4.49
08-12-22,4.79
09-12-22,4.98
12-12-22,6.73
13-12-22,7.2
14-12-22,6.54
15-12-22,6.8
16-12-22,6.63
19-12-22,6.08
20-12-22,5.28
21-12-22,6.13
22-12-22,7.1
23-12-22,7.15
27-12-22,4.88
28-12-22,4.06
29-12-22,3.78
30-12-22,3.52
03-01-23,3.64
04-01-23,3.75
05-01-23,3.78
06-01-23,3.43
09-01-23,3.65
10-01-23,3.32
11-01-23,3.41
12-01-23,3.47
13-01-23,3.43
17-01-23,3.43
18-01-23,3.2
19-01-23,2.91
20-01-23,3.15
23-01-23,3.43
24-01-23,3.35
25-01-23,3.09
26-01-23,2.72
27-01-23,2.83
30-01-23,2.82
31-01-23,2.65
01-02-23,2.65
02-02-23,2.67
03-02-23,2.4
06-02-23,2.17
07-02-23,2.35
08-02-23,2.4
09-02-23,2.4
10-02-23,2.37
13-02-23,2.42
14-02-23,2.42
15-02-23,2.45
16-02-23,2.48
17-02-23,2.28
21-02-23,2.12
22-02-23,2.07
23-02-23,2.17
24-02-23,2.36
27-02-23,2.55
28-02-23,2.5
01-03-23,2.59
02-03-23,2.67
03-03-23,2.66
06-03-23,2.46
07-03-23,2.52
08-03-23,2.5
09-03-23,2.5
10-03-23,2.4
13-03-23,2.4
14-03-23,2.65
15-03-23,2.45
16-03-23,2.45
17-03-23,2.42
20-03-23,2.23
21-03-23,1.93
22-03-23,2.03
23-03-23,2.08
24-03-23,2.04
27-03-23,2.04
28-03-23,2.02
29-03-23,1.94
30-03-23,1.95
31-03-23,2.1
03-04-23,2.09
04-04-23,2.13
05-04-23,2.17
06-04-23,2.18
10-04-23,2.15
11-04-23,2.19
12-04-23,2.22
13-04-23,2.04
14-04-23,1.87
17-04-23,2.21
18-04-23,2.23
19-04-23,2.2
20-04-23,2.19
21-04-23,2.2
24-04-23,2.19
25-04-23,2.21
26-04-23,2.19
27-04-23,2.17
28-04-23,2.27
01-05-23,2.24
02-05-23,2.12
03-05-23,2.01
04-05-23,1.96
05-05-23,1.85
08-05-23,2.12
09-05-23,2.22
10-05-23,2.12
11-05-23,2.07
12-05-23,1.98
15-05-23,2.25
16-05-23,2.28
17-05-23,2.25
18-05-23,2.3
19-05-23,2.37
22-05-23,2.3
23-05-23,2.22
24-05-23,2.25
25-05-23,2.23
26-05-23,1.88
30-05-23,2.11
31-05-23,2.1
01-06-23,1.77
02-06-23,1.74
05-06-23,1.92
06-06-23,1.95
07-06-23,2.13
08-06-23,2.1
09-06-23,1.85
12-06-23,1.9
13-06-23,2
14-06-23,2.05
15-06-23,2.18
16-06-23,2.13
20-06-23,2.38
21-06-23,2.24
22-06-23,2.27
23-06-23,2.22
26-06-23,2.62
27-06-23,2.68
28-06-23,2.71
29-06-23,2.4
30-06-23,2.48
03-07-23,2.48
05-07-23,2.65